1	2	3	4	5	6	7	8	9	10	11	12
FCHSD2	S100A9	HLA-DRA	GZMB	RTN1	BORCS5	CD83	RFX2	SIGLEC6	CLEC9A	IFIT3	ADAM12
RUNX2	S100A8	HLA-DPA1	PPP1R14B	JAK2	MALT1	MARCKS	MYADM	PPP1R14A	CLNK	ISG15	LAMP3
AFF3	VCAN	TMSB10	SPCS1	HDAC9	RAPGEF1	FPR3	EMP1	AXL	CADM1	IFI44	SLCO5A1
ZFAT	CD14	RPL8	ALOX5AP	DOCK8	SIPA1L1	KLF2	LMNA	HAMP	C1orf54	IFIT1	NCCRP1
AUTS2	S100A12	HLA-DPB1	IRF7	MARCH1	NR4A3	SGK1	AHNAK	CD22	WDFY4	EPSTI1	KIAA1211
RABGAP1L	SLC11A1	HLA-DQA1	ITM2C	DENND1A	JARID2	IL1B	CD44	ECE1	CPNE3	CMPK2	PLEKHG1
ANKRD11	PLCB1	RPS15	SRP14	GRK3	SPDYA	EGR3	WDFY2	ZEB1	IDO1	MX1	IL32
TCF4	FCN1	RPL26	SEC61B	ELMO1	INPP5A	RASGEF1B	SGMS2	MED12L	XCR1	PARP14	MS4A1
PDE4B	MNDA	RPL18A	JCHAIN	GNAQ	ATP1B3	EGR1	ANXA1	BDKRB2	NCALD	XAF1	BIRC3
SETBP1	CTSS	RPL11	COMMD6	TBC1D22A	TSPOAP1	NFKBIA	LRRFIP1	ADAM33	SNX3	MX2	MARCKSL1
ITPR2	MEGF9	CST3	IGKC	ANKRD44	NDEL1	EGR2	SLCO3A1	NCAM1	CCSER1	IFI44L	TUBB2B
PLXNA4	TSPO	RPL32	RPS12	MAML3	RABGEF1	RGL1	VIM	SEPT6	CCND1	RSAD2	CCL19
LINC01478	CSF3R	RPS18	RPS27A	MBNL1	ZNF331	MTSS1	CRIP1	BICC1	PAWR	IFI6	WNT5B
APP	LYZ	RPL15	SERPINF1	AOAH	PAPD5	BCL2A1	AGPAT4	RGS16	TOX	OAS3	TNNT2
LINC01374	IRAK3	RPS2	B2M	DISC1	PPARD	CCL3L3	ANKRD28	VASH1	RAB7B	STAT1	FSCN1
HS3ST3B1	TMTC2	HLA-DRB1	TPT1	TBC1D5	TCOF1	MAFB	CAMK1D	FAM105A	KCND3	SAMD9L	CD274
DACH1	FTL	RPL28	LRRC26	C10orf11	RFTN1	CD300E	ANTXR2	SPOCK2	THRB	LY6E	NLGN4Y
INPP4A	TALDO1	RPS24	RPS3A	ATP8B4	CD86	DUSP6	CD99	BIN1	SLC24A4	EIF2AK2	EMILIN3
TNRC6B	TMEM170B	TMSB4X	CLIC3	PCCA	OXSR1	CXCL8	GAS7	FAM129A	CAMK2D	RNF213	NMRK1
COBLL1	LRRK2	RPL18	NPC2	DTNA	VDR	PID1	MIR24-2	CDH1	IDO2	OAS2	FCRL1
PRKCB	SLC22A15	RPS13	MYL12A	PTEN	RCOR1	MSR1	DENND4A	ATP1A2	ENPP1	DDX60	EBF1
CD2AP	AGTRAP	RPS14	TPM2	PIP4K2A	SYTL3	CLEC7A	ADGRE5	UBASH3B	FNBP1	OASL	NOS1AP
ARID1B	DPYD	RPL19	RPS28	KIAA0922	ZC3HAV1	CCL3	DIAPH1	DAB2	C1orf21	GBP1	CD80
ADAM19	APLP2	HLA-DQB1	LILRA4	DOCK2	NR4A1	SPRED1	PDE7B	FAM49B	HLA-DOB	PARP9	FRMD4A
CDYL	FBXL5	CD74	VAMP8	SPECC1	CYTH3	NFKB1	TEC	LTK	CLCN4	LAP3	VPREB3
GRAMD1B	ACSL1	RPS7	SEC61G	CELF2	RALA	ZFP36L1	SIK3	GAS1	SHTN1	TNFSF10	RNF150
HIVEP1	NCF2	RPL14	LIME1	LYST	PLAUR	NEAT1	ZSWIM4	FAM179A	BATF3	IFITM3	TC2N
PI4KA	ASAH1	RPL30	SSR4	S100Z	MAP3K8	IRAK2	PRKCG	GPR160	TACSTD2	DDX60L	L3MBTL4
CUX2	F13A1	PFN1	PARK7	SCLT1	FBXW7	ZFP36	SEMA4A	IGSF10	CPVL	HERC5	ST8SIA1
KCNK10	RNASE2	RPS3	CYBA	ACER3	SNX9	PRDM1	MPP7	SIGLEC1	ENOX1	DDX58	THEMIS
FAM160A1	CSTA	UBA52	RPL3	CACNA2D3	AKAP13	FTL	ARHGAP26	S100A10	GCSAM	CUL1	IZUMO4
EPHB1	CLEC12A	ACTB	NACA	SAMHD1	SNX32	LINC00936	WDR49	DRAP1	ASAP1	USP18	LPIN3
GAB1	TLR2	RPL5	VEGFB	SH3RF1	SULF2	FOXO1	RFX3	CD5	FBXO27	ANKRD22	PAX5
USP24	CD163	RPL10	CHCHD2	DOCK10	CCNH	FAM49A	LRRC8C	SLC41A2	CCDC126	IFIT2	ANKRD33B
CORO1C	TKT	RPL35A	RPS8	RFWD2	GNA12	VSIG4	S100A10	GNAQ	PPM1H	APOL6	CD247
FAM214A	ST6GALNAC3	RPL41	ERP29	XYLT1	RCC1	IER3	AHR	CALM1	SDK1	SAMD9	KIF2A
CREB3L2	MGST1	RPL12	TXN	MYCBP2	RANBP2	LCP2	TPPP3	SULF2	RGS10	IFI16	PARD3B
ARHGAP15	NRG1	RACK1	PLD4	MEF2A	SEPT6	OTUD1	BMP2K	SEPT9	TLR3	OAS1	ABCC4
IGF2R	BLVRB	RPS6	PPIB	MAP3K1	PFKFB3	DUSP2	BTBD11	ACTG1	FNIP2	CXCL10	PSD3
LHFPL2	RAB27A	RPL29	PLA2G16	FLI1	CREM	FTH1	ESYT2	NOTCH2	CLSTN2	LIPM	COL19A1
FOXP1	SCPEP1	RPL7A	PTCRA	NOTCH2	CDK17	TMEM51	HIPK3	TCEA3	ZNF366	UBE2L6	MGAT3
RERE	FPR1	CD1C	TSPAN13	ITGA4	SUPT5H	C3AR1	LDLR	ANKRD33B	PLEKHM3	WARS	ARHGAP22
STRBP	ASGR1	RPL36	SCT	UTRN	PABPC1	KLF6	ATP2B1	SLAMF7	KIF16B	TRIM22	MCTP2
SAMD12	CLEC4E	BTF3	CYB561A3	UVRAG	NFE2L3	MB21D2	RGCC	STMN2	PPY	GBP4	SPOCK2
CARD11	CFD	ARPC3	HINT1	CIITA	BASP1	LINC01010	SEPT11	NDUFC2	NUBPL	SP110	SLFN12L
ASPH	LRP1	FAU	PLP2	TRIO	FOXO3	TCF7L2	EZR	PLS3	HDAC9	ADAR	LIMCH1
PPP1R16B	CTSD	RPL22	OST4	ERBIN	AGO2	ANKH	SNX2	CLRN1	TSPAN33	IFITM1	LINC01388
CUX1	SLC7A7	HLA-DMA	VIMP	PARP8	EFNA2	EPS8	LRRFIP2	APEX1	AIM2	SIGLEC1	LEF1
TBL1XR1	FNDC3B	RPL39	RPS27	PHACTR2	TET2	CXCL2	TTC7A	RASGEF1A	PIK3CB	STAT2	LAD1
NRP1	SAMSN1	RPS9	SMIM5	PAK1	IQCJ-SCHIP1	PEAK1	KLF6	TXN	VAC14	MT2A	ICAM4
MTMR1	CKAP4	RPS15A	IGHM	ARHGAP15	CELF2	NAMPT	TXK	BCR	NAP1L1	GBP5	ASB4
RUBCN	BST1	EEF1A1	MZB1	STK39	SKI	IL1R1	CAPZA2	FAM160A1	PLEKHA5	TYMP	CNN3
OGT	PLBD1	RPL17	GAPT	VPS13B	SAMSN1	GBP2	PELI2	SOX4	CD74	HELZ2	SYNE2
MOB1B	PLD1	ARPC1B	PLAC8	SSH2	FAM102B	HMOX1	DBI	ATP2B4	TMEM14A	DTX3L	CAMK4
RELL1	AGTPBP1	FCER1A	STMN1	DPYD	PDE4C	CSF1R	IQGAP2	MYO1E	FKBP1B	BST2	PRDM6
ITCH	CEBPB	RPL13	TCL1A	SLC8A1	PRKCE	CTTNBP2	PKP2	CXCR2	CCDC26	IFIH1	FOXD4L5
SND1	S100A6	RPS19	RPL9	AP3B1	ANKRD11	PSAP	FOSB	SPATS2L	SLC9A9	PNPT1	SKAP1
ARID2	NAIP	RPL27A	SPIB	FOXN3	NUFIP2	ADGRE5	IQGAP1	MGLL	CD59	RGL1	LINC00299
ZDHHC17	IRS2	RPS23	HIGD1A	NCOA2	SNX31	AHR	RAB11FIP1	SAMHD1	CTNND2	SAMD4A	BCL2L14
TGFBR2	GAPDH	ACTG1	RPL13	IPCEF1	BTBD2	MAP4K3	TAGLN2	RAC1	TANC2	TMEM123	ENOX1
ATP10A	SERPINA1	NME2	DNASE1L3	ARL15	EZR	XYLT1	MOK	UPK3A	APBA1	HERC6	CCR7
CYFIP2	VMP1	CFL1	RPL6	TAOK3	CMIP	FYB	MCL1	FCGRT	HLA-DPA1	GBP2	SPINK2
ZNRF2	METTL9	RPL36A	RPL23A	UBE2E2	RCC2	ATF3	TREM1	PLA2G16	CD226	SMCHD1	NTS
CERS6	RAB3D	RPS16	UBB	PRKCA	POLR2A	SASH1	SVIL	RNF220	FLT3	PARP12	FAM19A1
SEL1L3	SDCBP	GAPDH	RPLP0	ZBTB20	RTN2	UTRN	PRKCE	TNFSF13	ERICH5	IFI35	TNFAIP8L3
STAG1	THBS1	GSTP1	UCP2	TCF12	RIPK1	CXCL16	FRY	RAB29	PDE1C	SLFN5	IKZF3
ARHGEF7	QPCT	RPS5	SNRPN	FMN1	SPAG9	FRMD4B	JUND	TNNI2	DENND1B	FAM46A	RAB8B
KHDRBS2	HMGB2	RPLP1	RPS19	FAF1	EMILIN2	IL1R2	TRAK1	CAPN6	TMEM132E	JAK2	CD40
SFMBT2	NAMPT	RPS25	DERL3	USP32	ARIH1	PTGS2	SPTLC2	PIK3R5	TMSB4X	TNFSF13B	FCRL2
BCL11A	PYGL	EIF3K	RPS4X	KDM7A	MANBA	SAT1	HIPK1	S100A4	PRELID2	PLSCR1	ACHE
RUBCNL	PSAP	H3F3A	RPS23	FAM65B	TEX14	CDKN1A	MAPK1	MMRN1	GYPC	APOBEC3A	EBI3
CHD9	CRISPLD2	RPL24	HSP90B1	MACF1	PPM1N	REL	IDS	ASS1	ID2	MARCKS	NRP2
SCN9A	LTA4H	CSTB	RPL10A	TET3	BTBD11	CTSS	ELF1	DAPK2	SH3RF2	IFITM2	RNF182
MAN1A1	GIMAP4	C1orf162	C12orf75	PTPRC	SUSD6	BTG2	CAPN2	KDR	PATJ	BLVRA	HPGD
WWOX	TMEM176B	RPL34	EEF1B2	PLCL2	EPB41L3	NFKBID	ZDHHC1	LBR	HLA-DPB1	PSME2	CDHR3
COL26A1	CES1	RPL10A	RPL17	BAZ2B	PIK3R5	CCL4L2	AAK1	NFATC2	S100B	PSMB9	CD164L2
PHC3	KIF13A	ATP5G2	RPL36AL	ANKRD17	SNAPC1	ZEB2	HEATR5B	PTPRE	FUT8	NMI	ZNF541
HHAT	FOS	RPS29	CTSC	AHCYL2	ADAM28	FCGR2A	CREB5	MYOM1	NEGR1	C19orf66	IL7R
VAV3	CDA	ENHO	PTGDS	MIR646HG	UBE2F	DENND5A	SAMHD1	SLC1A4	SNX22	SP100	KLRK1
RAP1GDS1	SIRPB2	CLIC1	RPL7A	NSF	CASP9	ATP2B1	RTN4	YWHAZ	SLAMF8	CCL2	RASGRP3
UTRN	ATXN1	RPL6	C9orf142	WDR7	IFRD1	ARHGAP22	CALCRL	ANXA2	KIAA1958	TRIM25	PTPRK
PCNX1	GIMAP1	PRELID1	EEF1A1	RIN3	STX5	SRGN	PTAFR	HIVEP2	LACC1	XRN1	B4GALT2
TASP1	ITGB2	RPL37	SMPD3	FKBP5	ELMO1	AOAH	MTSS1	TRERF1	PNMA1	IFIT5	GPC5
TBC1D4	TBXAS1	RPLP2	RPL21	DIAPH2	PADI6	C1QA	GNG2	VASN	CST3	PML	PPP2R2B
ANKRD12	CD36	RPL35	LTB	MED13L	CSF2RA	ZNF267	RAP1B	SCN9A	SEPT3	NLRC5	ANK2
GALNT2	NLRP12	EEF1G	NUCB2	WDFY3	ARF4	NLRP3	ARHGEF40	SOS1	ZNF462	JUP	ZBED2
SNX9	DUSP1	SLC25A5	UBC	NEGR1	NR4A2	SECTM1	RNF13	ARPC2	PTK2	ETV7	ADORA2A
SLC35F3	DIRC2	HLA-DRB5	RPL27	MAP3K5	MAP2K1	GFRA2	MBNL1	CCND3	NCKAP5	SPATS2L	CD96
TEX2	FAM198B	SLC25A6	ATP5E	CDK19	MAP4K3	LYN	YBX3	VIM	CYP2E1	PHF11	CD5L
SH3RF3	RIN2	LST1	FCER1G	ATG7	PHLPP1	SDC2	ANXA2	MRPS6	PSMB9	CD69	NXPH3
PTPRM	C10orf54	RPL21	CIRBP	KMT2C	FBXO34	TEX14	FOXO1	CLU	ANK3	LRRC55	VOPP1
PTPRS	PID1	RPL23A	BST2	ZNF609	TFDP2	TNFAIP3	CAST	GYPC	APOL3	IRF9	PZP
MAPKAPK2	PADI4	RPL7	UGCG	LPP	AIM1	NFKBIZ	GAS2L1	PLBD2	FAM129A	MYOF	AXIN2
RNF130	S100A4	EIF4A1	FAU	TNRC18	RILPL2	INSIG1	RBM47	C20orf27	FAM135A	UTRN	FOXD4
TRAPPC9	KCNE1	PFDN5	SSR3	PIAS1	MOB3B	B3GNT5	GPCPD1	FBXW7	LINC00299	TAP1	TNFRSF9
FLNB	MXD1	RPL9	RPL11	SLC39A11	WDR47	MRC1	CLIP4	LGMN	LSM6	ISG20	EOMES
TBC1D8	LINC00937	RPS8	RPS20	SPIDR	MTHFD1L	MS4A7	KIF13A	F7	SLAMF7	IRF1	INPP4B
IQGAP2	CEBPD	RPL27	GUK1	CPQ	PLK2	ASTL	RPGR	FOXC2	PARM1	LGALS9	ESRP2
PAN3	PTPN12	RPS11	SUB1	NAIP	GPRIN3	AIF1	GLIPR2	HIP1	FMNL2	RNF144A	CCDC141
PALD1	LYST	RPL13A	ZNF706	SNX30	GAB2	SNX8	RRP12	SLC4A3	MRC2	ZCCHC2	TTC29
