GTCAACTCTTTAGCG,HTO_01
TGATGGCCTATTGGG,HTO_02
TTCCGCCTCTCTTTG,HTO_03
AGTAAGTTCAGCGTA,HTO_04
AAGTATCGTTTCGCA,HTO_05
GGTTGCCAGATGTCA,HTO_06
TGTCTTTCCTGCCAG,HTO_07
CTCCTCTGCAATTAC,HTO_08
CAGTAGTCACGGTCA,HTO_09
ATTGACCCGCGTTAG,HTO_10
CGATTGTAGACCTTT,HTO_11
TAACGACCAGCCATA,HTO_12
AAATCTCTCAGGCTC,HTO_13
CTGTATGTCCGATTG,HTO_14
TAAGATTCAGAGCGA,HTO_15
CTCAGTGCATTCTGG,HTO_16
GCATTCTGTGCTATC,HTO_17
CAAACCAACAGTTCG,HTO_18
ACCCTTCCCTTCGTT,HTO_19
TAACCACTGGATGAT,HTO_20
ACGTTGTGCATTGAC,HTO_21
CAAGGTGGCCTGTAT,HTO_22
ACCTGCAACTCATTC,HTO_23
GGTTGTTGTTAGTGG,HTO_24
GTCTTTGTCAGTGCA,ADT_CD86
GTTGTCCGACAATAC,ADT_CD274
TGATAGAAACAGACC,ADT_CD270
ATCACATCGTTGCCA,ADT_CD155
AACCTTCCGTCTAAG,ADT_CD112
GCATTCTGTCACCTA,ADT_CD47
CTACGACGTAGAAGA,ADT_CD48
CTCAGATGGAGTATG,ADT_CD40
GCTAGATAGATGCAA,ADT_CD154
CTTTGTACGAGCAAA,ADT_CD52
CTCATTGTAACTCCT,ADT_CD3
GCGCAACTTGATGAT,ADT_CD8
TCCTTTCCTGATAGG,ADT_CD56
CTGGGCAATTACTCG,ADT_CD19
TAACTCAGGGCCTAT,ADT_CD33
TACGCCTATAACTTG,ADT_CD11c
TATGCGAGGCTTATC,ADT_HLA.ABC
TCAATCCTTCCGCTT,ADT_CD45RA
CTTCACTCTGTCAGG,ADT_CD123
TGGATTCCCGGACTT,ADT_CD7
TTCCGAGGATGATCT,ADT_CD49f
AGCTTACCTGCACGA,ADT_CD194
TGTTCCCGCTCAACT,ADT_CD4
TGGCTTCAGGTCCTA,ADT_CD44
TCTCAGACCTCCGTA,ADT_CD14
AAGTTCACTCTTTGC,ADT_CD16
TTTGTCCTGTACGCC,ADT_CD25
CTCCGAATCATGTTG,ADT_CD45RO
ACAGCGCCGTATTTA,ADT_CD279
TTGCTTACCGCCAGA,ADT_TIGIT
GCCGGACGACATTAA,ADT_Isotype_MOPC.21
CTCCTACCTAAACTG,ADT_Isotype_MOPC.173
ATATGTATCACGCGA,ADT_Isotype_MPC.11
GATTCTTGACGACCT,ADT_Isotype_RTK4530
TTCTGGGTCCCTAGA,ADT_CD20
ACAATTTGAACAGCG,ADT_CD335
ACCTTTATGCCACGG,ADT_CD31
GGTTACTCGTTGTGT,ADT_Podoplanin
CCTTGGATAACATCA,ADT_CD146
TAGCGAGCCCGTATA,ADT_IgM
CATTAACGGGATGCC,ADT_CD5
GCGATGGTAGATTAT,ADT_CD183
CCAAAGTAAGAGCCA,ADT_CD195
GCTTCCGAATTACCG,ADT_CD32
GATCCCTTTGTCACT,ADT_CD196
AATTCAACCGTCGCC,ADT_CD185
GACCTCATTGTGAAT,ADT_CD103
GTCTCTTGGCTTAAA,ADT_CD69
GTCCCTGCAACTTGA,ADT_CD62L
GTACGCAGTCCTTCT,ADT_CD161
ATGGTTCACGTAATC,ADT_CD152
CATTTGTCTGCCGGT,ADT_CD223
CTTATTTCCTGCCCT,ADT_KLRG1
GCACTCCTGCATGTA,ADT_CD27
CAGCCCACTGCAATA,ADT_CD107a
CCAGCTCATTAGAGC,ADT_CD95
AACCCACCGTTGTTA,ADT_CD134
AATAGCGAGCAAGTA,ADT_HLA.DR
GAGCTACTTCACTCG,ADT_CD1c
GACAAGTGATCTGCA,ADT_CD11b
AAGTATGCCCTACGA,ADT_CD64
GGATAACCGCGCTTT,ADT_CD141
CGTGTTTGTTCCTCA,ADT_CD314
ACTTCCGTCGATCTT,ADT_CD35
AACTCCCTATGGAGG,ADT_CD57
GTTATTGGACTAAGG,ADT_CD272
CGCGCACCCATTAAA,ADT_CD278
GTTAGTGTTAGCTTG,ADT_CD275
GTTCCTATGGACGAC,ADT_CD58
TTACCTGGTATCCGT,ADT_CD39
AGTATCGTCTCTGGG,ADT_CX3CR1
AGATTCCTTCGTGTT,ADT_CD24
AACCTAGTAGTTCGG,ADT_CD21
TATATCCTTGTGAGC,ADT_CD11a
ATTCTTCAACCGAAG,ADT_CD79b
TCGCTTGGATGGTAG,ADT_CD244
TACTCAGCGTGTTTG,ADT_CD169
TCCTTGGATGTACCG,ADT_integrin.b7
CGAAGTCGATCCGTA,ADT_CD268
TCCTAGTACCGAAGT,ADT_CD42b
CTGATAGACTTGAGT,ADT_CD54
CCTTCCGTATCCCTT,ADT_CD62P
TGTGTATTCCCTTGT,ADT_CD119
CGTAACGTAGAGCGA,ADT_TCR.AB
ATCAGATGCCCTCAT,ADT_Isotype_RTK2071
GGGAGCGATTCAACT,ADT_Isotype_G0114F7
AAGTCAGGTTCGTTT,ADT_Isotype_RTK2758
TCCAGGCTAGTCATT,ADT_Isotype_RTK4174
CCTGTCATTAAGACT,ADT_Isotype_HTK888
GAGTTCCCTTACCTG,ADT_CD192
TCATTTCCTCCGATT,ADT_CD122
AGTGATGGAGCGAAC,ADT_CD267
CTCGTTTCCGTATCG,ADT_FceRIa
ACGTTGTGGCCTTGT,ADT_CD41
CAGTAAGTTCGGGAC,ADT_CD137
GATTAACCAGCTCAT,ADT_CD43
GCTTCTCCTTCCTTA,ADT_CD163
CCACTCATTTCCGGT,ADT_CD83
TTTCAACGCCCTTTC,ADT_CD13
TACGATTTGTCAGGG,ADT_CD2
TCTCAGTGTTTGTGG,ADT_CD226
GTATTCCCTCAGTCA,ADT_CD29
GAGATGTCCGAATTT,ADT_CD303
GCTTTCTTCAGTATG,ADT_CD49b
AGGTTGGAGTAGACT,ADT_CD61
GTATCCTTCCTTGGC,ADT_CD81
GCTCATTACCCATTA,ADT_CD55
CAGTCTCCGTAGAGT,ADT_IgD
TATTGGGACACTTCT,ADT_CD18
TGAGAACGACCCTAA,ADT_CD28
TGTACCCGCTTGTGA,ADT_CD38
GTGTGTTGTCCTATG,ADT_CD127
TGCAATTACCCGGAT,ADT_CD45
GGGTTGTTGTCTTTG,ADT_CD22
CCGTGTTCCTCATTA,ADT_CD71
GGTGGCTAGATAATG,ADT_CD26
AATCACGGTCCTTGT,ADT_CD115
GAGATGTCTGCAACT,ADT_CD63
GGACTAAGTTTCGTT,ADT_CD304
TTCTTTGCCTTGCCA,ADT_CD36
CGTGTTTAACTTGAG,ADT_CD172a
CAGTCGTGGTAGATA,ADT_CD72
TATCAACCAACGCTT,ADT_CD158
GCGCTACTTCCTTGA,ADT_CD93
CACGTAGACCTTTGC,ADT_CD200
ACTGATGGACTCAGA,ADT_CD49a
CCATTCAACTTCCGG,ADT_CD49d
CAGTTCCTCAGTTCG,ADT_CD73
GAGTCACCAATCTGC,ADT_CD9
TACGAGCAGTATTCA,ADT_TCR.Va7.2
TCAGTCAGATGGTAT,ADT_TCR.Vd2
TAGCCGTTTCCTTTG,ADT_CD354
ATTTCCATTCCCTGT,ADT_CD305
ACCCTTTACCGAATA,ADT_LOX.1
GGACGCTTTCCTTGA,ADT_CD158e1
CACTTAACTCTGGGT,ADT_CD109
CACTGCCGTCGATTA,ADT_CD142
AGTATGCCATGTCTT,ADT_CD319
ACCCGTCCCTAAGAA,ADT_CD99
CATTAGAGTCTGCCA,ADT_CLEC12A
CTTACCTAGTCATTC,ADT_CD151
AGTTTCCACTCAGGC,ADT_CD352
TGCCAGTATCACGTA,ADT_CLEC1B
CTTTCCGGTCCTACA,ADT_CD94
GGATGTACCGCGTAT,ADT_IgE
GTCATTGTATGTCTG,ADT_CD150
ATATGTCAGAGCACC,ADT_CD162
CTCCCTAGTTCCTTT,ADT_CD84
AGCTCAGCCAGTATG,ADT_Ig.LightChain.k
CCTTGTGAGGCTATG,ADT_CD85j
TCTGTATAACCGTCT,ADT_CD23
CAGCCAGTAAGTCAC,ADT_Ig.LightChain.l
CTTAGCATTTCACTG,ADT_CD328
GCCTAGTTTCCGTTT,ADT_GPR56
TCCCACTTCCGCTTT,ADT_CD82
TATAGTTCCTCTGTG,ADT_NKp80
CTGCATGAGACCAAA,ADT_CD131
CTGTAGCATTTCCCT,ADT_CD74
ATGGACAGTTCGTGT,ADT_CD116
ACAGTCACTGGGCAA,ADT_CD37
CTACTTCCCTGTCAA,ADT_CD101
AGCTACGAGCAGTAG,ADT_HLA.DR.DP.DQ
GCCGCATGAGAAACA,ADT_CD88
