index_name,index(i7)
RPI1,ATCACG
RPI2,CGATGT
RPI3,TTAGGC
RPI4,TGACCA
RPI5,ACAGTG
RPI6,GCCAAT
RPI7,CAGATC
RPI8,ACTTGA
RPI9,GATCAG
RPI10,TAGCTT
RPI11,GGCTAC
RPI12,CTTGTA
RPI13,AGTCAA
RPI14,AGTTCC
RPI15,ATGTCA
RPI16,CCGTCC
RPI17,GTAGAG
RPI18,GTCCGC
RPI19,GTGAAA
RPI20,GTGGCC
RPI21,GTTTCG
RPI22,CGTACG
RPI23,GAGTGG
RPI24,GGTAGC
RPI25,ACTGAT
RPI26,ATGAGC
RPI27,ATTCCT
RPI28,CAAAAG
RPI29,CAACTA
RPI30,CACCGG
RPI31,CACGAT
RPI32,CACTCA
RPI33,CAGGCG
RPI34,CATGGC
RPI35,CATTTT
RPI36,CCAACA
RPI37,CGGAAT
RPI38,CTAGCT
RPI39,CTATAC
RPI40,CTCAGA
RPI41,GACGAC
RPI42,TAATCG
RPI43,TACAGC
RPI44,TATAAT
RPI45,TCATTC
RPI46,TCCCGA
RPI47,TCGAAG
RPI48,TCGGCA
