1	2	3	4	5	6	7	8	9	10	11	12	13	14
BACH2	MAST4	MYO1E	LINC01505	PDE4D	DNAH8	BIRC5	DUSP2	SOX5	IGHA1	FNDC3B	HRASLS2	B3GAT1	GP1BB
LARGE1	ARHGAP24	JAZF1	ADAM23	COCH	VOPP1	GAPDH	IER2	SYT1	SSR4	TXNDC5	SEMA3G	ZNF683	PPBP
ADK	TBC1D9	SYNE2	HRK	TEX9	S100A10	KIAA0101	EGR1	ITGAX	JCHAIN	IGHG1	TNFRSF17	THEMIS	SDPR
IL4R	JAM3	BMP2K	BMP3	HIPK2	NEAT1	ACTG1	ASTL	TOX	PSAT1	XBP1	SPN	PPP2R2B	NRGN
ITPR1	ZNF804A	AUTS2	CCDC191	LYPLAL1	S100A4	TMSB10	NR4A1	MPP6	MANF	MZB1	SLCO3A1	CD2	PF4
AKAP6	RALGPS2	SNX9	CD9	TOX	CRIP1	ACTB	NR4A3	TNFRSF1B	DERL3	MAN1A1	TSPAN18	FGFBP2	TUBB1
ZBTB16	OSBPL10	TTN	PCDH9	SSPN	ACTG1	MT1E	NFKBIA	FCRL5	FKBP11	CAV1	IGF1	GZMH	CLU
COL19A1	COL4A3	CAMK2D	NEIL1	TBXAS1	PITPNC1	TROAP	EGR3	ATXN1	CHPF	HSP90B1	MYO1D	PRKCH	GNG11
FCRL1	C1orf186	COL19A1	MME	GRAMD1C	FAM129A	RPS2	CD83	FGD4	MZB1	IGHG3	AQP3	NKG7	PRKAR2B
ADAM28	CPED1	ZNF608	TCL1A	FGD6	CAMK4	PFN1	JUNB	MAP4K3	IGKC	FKBP11	GLDC	TGFBR3	RGS18
SYN3	TNFRSF13B	SNX29	RAPGEF5	MARK1	MAGI1	PRDX1	JUN	LRMP	SEC11C	SLAMF7	PRDM1	GNLY	PF4V1
NETO1	TFEC	ATP8A1	PIP5K1B	EYA2	EPHA4	RPL28	BTG2	ZEB2	HSP90B1	SEC11C	PERP	GIMAP4	CMTM5
ST6GALNAC3	GPM6A	DENND4A	TTC28	BTNL9	ANXA2	RPL7A	FOS	SLC11A1	NT5DC2	MYDGF	NPIPB6	ANXA1	TREML1
ANKRD44	CCSER1	HDAC9	CORO2B	NLGN4Y	ANXA4	ATP5G3	FOSB	MEF2A	ERN1	LMAN1	FNDC3B	PRF1	SPARC
PACS1	ANK3	RRAS2	MAML3	S100Z	SAMHD1	MKI67	NFKB1	ADGRE5	PRDM1	IGHG2	ERN1	CD3D	C6orf25
SLC38A11	PTPRG	LINC01572	PPP1R14A	FNBP1	AK8	EIF4A1	CD69	TBX21	ASS1	IGHG4	TXNDC11	FYB	GP9
LINC00926	KIAA2022	TLE1	CYTH3	ITGB1	ARHGEF3	TXN	EGR2	FGR	VIM	NUCB2	RUNX2	ITK	CLDN5
CARMIL1	BANK1	MIR181A1HG	ZEB2	SNED1	TAGLN2	CHCHD2	BCL2A1	GPR137B	IGLC2	ACOXL	BMP8B	GIMAP7	SH3BGRL2
SMAP2	CCDC50	CDK14	YBX3	TCF7L1	FA2H	TMSB4X	NFKBID	ENC1	VIMP	TSHR	IGHM	PRKCA	F13A1
KHDRBS2	SGPP1	CBLB	RELL1	TRERF1	FAS	NME2	ZFP36	RIN3	ATF5	TXNDC11	TNFRSF11A	GZMA	PTCRA
SKAP1	CSGALNACT1	FOXP1	CMTM7	SDR16C5	CCDC50	LGALS1	EGR4	CIB1	HSPA5	PPIB	CCR9	LINC00482	ITGB3
NR3C2	TNS3	RHOH	CD79B	NEK6	ATP2B1	RPLP0	NR4A2	METRNL	SRGN	SPATS2	ESR1	CD247	CCL5
CCND3	PTCHD1-AS	RFTN1	PTPRJ	PLEKHG7	S100A11	CLIC1	TEX14	FCRL3	TXNDC5	ITM2C	SRGN	CST7	MYL9
TMEM2	VOPP1	CCDC141	CDK6	PIK3R5	MIAT	SEC61G	IER5	FAM49A	ARX	PDIA4	ABCB9	GZMB	TMEM40
MGAT5	EML6	GNG2	MYO1C	ANK3	S100A6	SLC25A5	JUND	SMOC2	LGALS1	KLHL14	IL6R	INPP4B	CTTN
THRB	AIM2	VAV3	LINC01250	BRIP1	AHNAK	CFL1	PPP1R15A	RTN4R	SDF2L1	CD38	TNFRSF4	PRSS23	ACRBP
TPST1	NLRC5	LYN	WASF1	PAG1	MYO1F	RPL41	TNF	LITAF	LGALS3	SDC1	VDR	ADGRG1	GAS2L1
FOXO1	TMEM163	HS2ST1	BCL7A	PARM1	ZYG11A	EEF1A1	H3F3B	TFEC	SSR3	NUGGC	IGHA2	AOAH	BEX3
ABCB1	KANK1	PELI1	SNTB1	KYNU	DAAM1	RPLP1	EIF1	GALNTL6	IGHA2	SPCS3	PLA2G16	CLIC3	RAB27B
MBNL1	PRKD1	BCL2	CD38	EPHA4	COTL1	PTTG1	DUSP1	ANK2	CCR10	RRBP1	BIK	IGSF11	SCGB1C2
WWOX	JADE3	STIM2	GNG3	TSHZ2	ITGAX	RPS6	NAMPT	RHOB	TNFRSF17	HM13	JCHAIN	CMKLR1	SEPT4
KCNG1	FUT8	NEDD9	PLD4	FAAH2	PIK3R5	RPL5	NFKBIZ	DAPP1	PPIB	JCHAIN	MAN1A1	IL7R	NCOA4
PCAT1	ETV6	FCHSD2	AFF3	SAMD12	SOX5	RPS7	CDKN1A	SGK223	TRIB1	SEC61B	COL18A1	CCL5	SLC40A1
SIPA1L1	DENND5B	PARP14	TUBB6	COL4A4	PRKCB	RPS3	TNFSF9	ARHGAP25	ITM2C	CADM1	GAB1	CTSW	HRAT92
SDK1	IL2RA	GPCPD1	EBF1	MNS1	MCOLN2	RPL24	CCNL1	RGS2	LIME1	SSR3	PPIB	CD3G	THBS1
PLD5	ANTXR2	HECTD4	HCK	SCIMP	PLA2G16	RPL3	GADD45B	TMEM2	SPCS1	LINC00152	TP63	PRKCQ	TAL1
HVCN1	CLECL1	SLC38A1	MYO3A	PVT1	ITGB1	RPL14	KDM6B	MS4A1	PDIA4	P4HB	CD59	PTGDS	PDZK1IP1
LIX1	MARCKS	PDE7A	SOX4	S100A10	PIK3R6	RPSA	FOSL1	TOX2	JSRP1	GLCCI1	TXNDC5	FNIP2	ITGA2B
SNTG2	PCED1B	CLEC2D	CLEC4C	ZBTB38	PYHIN1	PPIB	CDC20B	MIR3681HG	SEC61B	KDELR2	NPIPB15	EPDR1	LGALS12
MEF2C	NOTCH2	VPS37B	AEBP1	AIM2	PLEKHG7	RPS18	PLEKHG2	PLXNC1	AQP3	SEC24D	HPGD	GALNT18	HRASLS
TXNIP	SLC22A15	PLCL2	CBLB	ZDHHC14	RABGAP1L	UQCRH	GPX8	BORCS5	MYDGF	ERLEC1	RBM47	SLC1A7	CXCL5
STX7	OSBPL3	KIAA0922	LBR	MIAT	TESC	CORO1A	LINC00910	NRCAM	PRDX4	CEP128	GPRIN3	PLCB1	PGRMC1
STK17A	GPR183	BACH1	MROH9	MICU2	CSGALNACT1	MT2A	UBC	NEAT1	SLC1A5	SUB1	UBE2G1	KLRB1	TIMP1
CDK13	ALOX5	SIPA1L1	CSGALNACT1	TNIK	PPP1R9A	S100A4	HERPUD1	EMP3	LMAN1	SH2D7	IRF4	SGCD	PROS1
C12orf42	MALAT1	PARP15	UTRN	AK8	PLXNC1	PPIA	HIST1H1A	TUBB6	SPACA3	CHPF	FUT8	PLXDC2	BEND2
PALM2-AKAP2	DEPDC5	RASGRP3	TAPT1	MUC16	CAPZB	SUB1	SLC2A3	GAS7	CRELD2	SLC44A1	FBXW7	VCAN	SMIM3
UACA	MDFIC	LHFPL2	TNFRSF18	FAM129A	CD80	RPS12	PMAIP1	MAP3K8	STC2	SPCS1	IQGAP2	GPR141	ACTN1
PARK2	COL4A4	SMC6	TCF4	MARC2	GAPDH	TBC1D3B	IFRD1	CA8	SLC7A11	SDF2L1	MIR193BHG	SAMHD1	TMEM158
MARCH3	PTPRJ	RABGAP1L	LINC01374	BLK	OSTN	FAM86B2	TMEM107	FAM46A	HPGD	RPN2	SUB1	ID2	LINC01565
SCN3A	RHOBTB3	FAM81A	LINC01013	PRICKLE2	UTS2B	RPL12	SAT1	SIGLEC6	WARS	HID1	SPATA25	LYZ	EVA1B
APLP2	ZDHHC21	PAX5	TMPRSS15	ZYG11A	LTK	RPS24	SQSTM1	LILRB2	HERPUD1	PRDX4	PEBP1	TXK	MFAP3L
NCK2	ARHGAP15	SESTD1	BACH2	PIP4K2A	ARPC5	RPL10A	ZNF331	CNTNAP3	IGLC3	COLEC10	ELL2	AGAP1	DAB2
MAML2	EML4	TBL1XR1	PTMA	TCF7	RUNX2	RPL8	RHOB	ANK3	HID1	DERL3	RRBP1	S100A9	CTDSPL
STRADB	NCOA7	HIP1	H3F3A	NLK	CES1	RPL26	TULP2	PYHIN1	ERLEC1	XCR1	NEAT1	PTGDR	LINC00642
AFF3	CD44	PTPRK	FOXP1	MGAT4A	SSPN	RPL18	MYC	SETBP1	HOXB9	INPP4A	GPRC5D	C10orf11	CLEC1B
CHL1	LRRK2	CYTH1	SSBP2	COL4A3	SLC16A10	RPL15	KLF6	FCGR2A	PHGDH	ZBP1	MDM2	FRMD4B	PDGFA
RERE	SP140	TMEM123	SUGCT	NTNG1	PRR5	RPS15	EZH2	HSPB1	SPCS2	TMEM258	SND1	S100A8	TLN1
IGF1R	PPP3CA	SP100	MSI2	UBE2N	TBC1D9	NPM1	REL	RABGAP1L	SLC22A31	SEC61G	SLAMF7	SH2D1B	PVALB
ZCCHC7	SYK	UBE2E2	EIF2AK3	CD80	TFRC	RPL17	CD74	KCNJ3	XBP1	MYO1D	RARRES3	CCL4	SEPT5
FAM65B	GALNTL6	DPYD	ABCA1	HOPX	SUB1	RPL11	MIR155HG	EEA1	OBSL1	WNT5B	ATXN1	KLRF1	MISP3
BTLA	BMPR2	MED13L	MID1IP1	SEL1L3	YES1	RPS9	ARL5B	ITGB2	SEC61G	RCBTB2	UBE2J1	TMEM125	DMTN
ZNF318	ADAMTS6	BIRC3	RIMKLB	SHISA8	HMOX1	RACK1	TNFAIP3	DUSP15	NUCB2	SPCS2	RCBTB2	FCRL6	EGFL7
FCER2	PPFIBP2	GRK3	CAMK2D	ATP2B1	PREX1	RPS14	FTH1	AKAP13	KDELR2	SND1	ENPP6	IL32	C1QL4
TRAK2	HSPA12A	FCGBP	NCAM2	CRHBP	HN1	NACA	EEF1A1	CD200R1	PNMA6A	IGLC3	FAM129A	LINC00861	PEAR1
TAPT1	SNED1	MEF2C	STT3B	KLF12	CD58	RPL37A	CROCC	SLCO4C1	BMP8B	NDFIP2	CARD17	NELL2	ITGB5
P2RY14	TENM4	ZNF827	VPREB3	NIN	NCOA3	RPL29	LINC00854	EPB41L4A	ELL2	TNFRSF17	CEP128	PROK2	HBG1
MARCH1	COTL1	TNFAIP8	SOX5	PHTF2	FUT8	PSME2	GNG2	PRKX	UBE2J1	NCOA3	INPP4A	CPVL	GFAP
COBLL1	IL7	PLEKHG1	RPS24	PITPNC1	ARPC1B	RPS3A	PTMA	CDK14	VSIG8	IGKC	DENND1B	TRBC1	SNCA
ABCB4	MAP3K1	ARHGAP17	RPS11	SPAG16	TKT	RPS4X	PIM3	S100A11	LRRC15	TMEM198	LINC00910	AK5	ASAP2
STAG3	PVT1	CERS6	VPREB1	ATP2B4	TGM2	MIF	AREG	HCK	TMEM136	HDLBP	KCNMA1	STAT4	RGS10
SNX29	CDC42SE2	KAT6B	ADAM9	SSBP3	MAP3K1	RPS23	OR11H2	PSAP	PDIA6	UBE2J1	LINC01484	CD226	GMPR
YBX3	SETBP1	PRKCE	SYK	GCLC	RAB31	RPS13	SRSF7	MCTP1	SUB1	SEC24A	SEC24D	LEF1	HIST1H2AC
SYT17	MCOLN2	PLPP5	ADARB2	HOMER3	CAPN2	RPL6	DNAJA1	UBASH3B	SLC3A2	RBM47	VIM	BCL11B	ABLIM3
SESN1	ST14	LRCH1	FAM129C	GSTK1	ARHGAP6	SERF2	PABPC1	PTK2	MANEA	SLCO3A1	SLC9A3R1	CX3CR1	LAT
ST6GAL1	KIF13A	IKZF1	FSTL4	CRIP1	CAMK1D	RPL10	BTG1	IFNLR1	SELK	CLPTM1L	UPP1	PID1	LGALSL
LYST	XKR6	MARCH3	LIMS2	NRCAM	HIPK2	S100A6	ANKRD33B	IFI30	CD27	ELL2	IGKC	AAK1	CTSA
GCNT1	ANGPTL1	SNX25	KCNQ5	CLIP4	SIGLEC6	S100A10	TAGAP	DGKG	ISG20	CD27	MED13L	SRGN	MALL
EPB41L2	DOCK10	KLHL14	FMO3	TEC	FAM107B	RPS8	HES1	GGA2	LMNA	CLDN23	SEC61A1	WDFY3	MARCH2
BTG1	CD1C	JARID2	TUBB3	CDC14A	RASSF6	RPL19	RPL19	GFOD1	PYCR1	VIMP	SOS1	SLFN12L	LINC00989
L3MBTL4	GPHN	RERE	UCP2	IGHE	SAMD3	RPS27A	RAB11A	PHACTR2	CHAC1	SSR4	UBR5	APOL6	PYGL
PLPP5	CLMN	DNMBP	AAK1	LINC01320	CHAD	RPL7	DDX21	GEN1	SEC24D	OSTC	TOX2	GIMAP6	ENKUR
SELL	IL10RA	ANKRD33B	IQGAP2	NAP1L1	RASGRP1	MYL6	KLF2	CARD11	SDC1	IGLC1	NXPE3	TNFRSF1A	CABP5
CXCR4	STAMBPL1	NGLY1	JUP	CR1	ARID3A	YBX1	RPL28	SAMSN1	ITGB8	ESR1	LINC00462	FKBP5	TSC22D1
MLLT3	LINC00996	NFKB1	TSPAN13	CRIP2	MYO1D	PTMA	HSP90AB1	MALAT1	ALDH1L2	NT5DC2	LTK	TRAT1	LINC00346
TIMP3	RGS7	PRDM2	FRY	IL13RA1	IQGAP2	RPL32	SGK1	FGFR1	HM13	CREB3L2	FA2H	CST3	LINC00211
NT5E	CD27	LRMP	PLCL2	SERPINB6	RHBDL1	LDHA	CYCS	RNF144A	IGF1	GPRIN3	EDEM3	ATP8B4	MPP1
ARHGAP32	ATXN1	CSNK1G3	APBB2	RPS14	CD86	RPL35	RAB8B	CBLB	MB21D2	MIR519A2	SPATS2	ATP10A	VCL
ARHGAP22	ATP1A1	FAM126A	PON2	ETV7	HSH2D	CALR	UBALD2	PROK2	RAMP2	OSR2	MET	DGKH	C19orf33
TPK1	ZBTB20	EAF2	TNFRSF21	CAPN2	CPNE5	RPL13	RPL10	CD86	TOX2	TRAM2	ITGA8	KLRC2	CST3
SLC12A6	PLEKHG1	IL21R	H3F3B	STXBP6	CDCA7	SLC25A3	RPL7A	MYO9B	GMPPB	TVP23C	FNDC3A	C1orf21	RUFY1
FLI1	MNDA	PIK3CA	PMEPA1	FOXD4	ARPC2	RPL35A	DUSP5	PAG1	SEMA4A	SHOX2	ZC3HAV1L	SAMD3	TPM1
CD200	BCL2	MCTP2	FAM60A	SH3RF1	ERICH3	RPS28	TNFRSF10C	THEMIS2	KDELR1	AQP3	IGHA1	OSBPL5	GP5
SDK2	CKAP4	PTPN1	DAZL	ARHGAP31	GSN	FABP5	RPL41	LAPTM5	RRAD	HSPA5	EIF4E3	FAM105A	CD151
SEL1L3	AFDN	AKAP13	LINC01222	EEPD1	ITGA4	B2M	MAP3K8	CD84	KCNN3	DNAJC1	LINC00891	CD36	LINC00210
SSBP2	GAB2	RAB11A	RNF13	RIC8B	OSBPL10	COX6C	POTEI	PEBP4	LMAN2	CALR	ERC1	IGKC	MAP3K7CL
SNX2	AP1S3	BASP1	MACROD2	COL18A1	PRR11	RPL23A	RPS7	DTX1	TMEM258	FNDC3A	MANEA	SLC25A41	FYB
MED12L	RIC3	MACF1	MTMR1	KCNMA1	KCNN3	H3F3A	GRASP	PLCL1	CCPG1	SEC61A1	EML6	EREG	POTEC
STEAP1B	ITPR2	EPS15	TBC1D1	LINC01297	CDYL2	LINC00891	RPS3A	SLC25A29	TMED9	KCNN3	WARS	SMPDL3A	SH3BGRL3
VAV3	AKT3	DMXL1	PEG10	NOL4L	HOMER3	NAPSA	SDCBP	ASAP1	SERP1	ZNF215	GSPT1	APBA2	IGF2BP2
CCR7	CD24	CCND2	IKZF2	HHAT	CD99	ATP5E	RPL32	HLA-DPB1	CLPTM1L	MED13L	PIK3C2A	TNIK	CX3CR1
