1	2	3	4	5	6	7	8	9	10
FNDC3B	A2M	TMEM2	TOX	CSGALNACT1	B2M	COTL1	FOS	INPP4B	NRGN
BNC2	PZP	ELL2	KCNQ5	KLRC2	TMSB4X	SPTSSB	JUN	IL7R	GP1BB
LINC01505	TC2N	ZNF331	GNAQ	CCL5	RPL10	SELL	DUSP1	IL1R1	PPBP
ZEB2	RASGRF2	CNOT6L	SFMBT2	MCOLN2	RPLP1	ZMAT4	KLF6	KIT	PF4
AK5	DPYD	CTPS1	CD38	LINC00944	ACTB	CD44	FOSB	ITM2C	SDPR
EIF4G3	IGF1R	POLR2A	RABGAP1L	GZMH	RPL41	GAB1	CD69	SPINK2	GNG11
MTSS1	AKT3	RCOR1	MIR181A1HG	FAM19A1	RPL7A	AFF3	PPP1R15A	ZBTB46	CLU
PPM1L	KLRG1	SYTL3	GRIK4	KLRC3	ACTG1	GZMK	NFKBIZ	LPAR1	TUBB1
CD247	PARP8	CNOT2	SLC4A4	VIM	RPS27A	MAML3	MAPRE2	IL2RA	SPARC
IGFBP7	AOAH	RNF125	HDAC9	CD3E	RPS14	NCAM1	TEX14	RCAN3	CMTM5
MIR646HG	PLCB1	PLEKHA2	LDB2	CD52	TPT1	BACH2	RAB11A	LTB	PDZK1IP1
RAP1GAP2	NR3C2	PIK3R1	AUTS2	PTMS	RPS18	TNFRSF11A	NFKBIA	SSBP2	HRAT92
DTHD1	CBLB	PDE4D	MKI67	CD3D	RPL13	RUNX2	MIR24-2	AFF3	TREML1
GSAP	SYTL2	CHD1	UBASH3B	MYO6	RPS2	PACSIN1	NFKB1	NEGR1	PTCRA
PRKCH	ITGA6	EML4	HELZ	SGCD	RPL32	FUT8	JUND	SCN9A	GP9
SPON2	CATSPERB	YES1	CERS6	CD3G	RPL30	PPP1R9A	RGCC	TOX2	PF4V1
HIPK2	SPOCK2	ATP1B3	TOX2	ABCD2	PFN1	STYK1	PMAIP1	DACH1	PVALB
CELF2	KLF12	ATP8A1	STK39	NTN4	NKG7	CAPG	IER2	KHDRBS2	CTTN
JAZF1	LDB2	NFKB1	CD96	CADM1	RPL19	CASK	DUSP10	STAC	PRKAR2B
DOCK5	SMAD3	IRS2	GUCY1A3	S100A6	RPL21	C10orf11	IFNG	RBMS3	F13A1
FAM49B	PITPNC1	INPP5A	SNTB1	MVB12B	FAU	SSBP2	BTG2	SRGAP3	SH3BGRL2
SETBP1	IL18RAP	TGFB1	SAMD3	RAP2A	RPS12	XCL1	YPEL5	LST1	PTGS1
GFOD1	ATM	FOXO1	DENND1B	EPB41L4A	RPS24	SCML1	SIK3	FAM30A	RGS18
VAV3	FAM65B	PRKX	IL12RB2	ITGB1	RPS6	FLNB	DENND4A	CCSER1	MYL9
PTPN12	MPP7	FYN	GLCCI1	PDE3B	RPL11	LEF1	CD83	CYP2E1	CD9
ZFAND3	PPP2R5C	ZSWIM6	MBNL1	AHNAK	RPL15	TIAM1	ZFP36	LPCAT2	MALL
MAN1A1	PAM	BTBD11	PRKCH	LGALS3	RPL28	IMMP2L	ATF3	PRKG1	CABP5
GNPTAB	SAMD3	CDK17	CENPF	HIST1H1E	TMSB10	ITGAX	H3F3B	COL24A1	CXCL5
INPP4A	KANSL1L	PITPNC1	CDK6	DAPK2	RPL23A	PVT1	NR4A2	CD200R1	CA2
CX3CR1	MBNL1	SMAP2	ZBTB16	FGL2	RPS7	CABLES1	CCL3	MSRB3	ACRBP
LYN	ADK	JUNB	HIP1	LAG3	RPS3	ZEB1	NR4A3	RUNX2	LGALSL
CD38	OXNAD1	CHKA	ITGA4	LILRB1	RPL26	ATP8B4	LINC00910	TIAM1	TMEM158
SORBS2	HIVEP2	GNG2	ATP8B4	KLRC4	RPL17	IGFBP4	TNFAIP3	SOX4	BEND2
NFATC2	COLQ	PELI2	IGF2BP2	PCNX2	RPL29	TCF7	RHOH	FXYD7	TAL1
UTRN	MYBL1	MAP3K8	IKZF2	ZEB2	EEF1A1	TEC	MYADM	PLCB4	ITGB3
FGFBP2	DOCK9	TLE1	ADAMTS17	HPGD	RPL6	MAML2	LINC00854	RASSF8	TMEM40
SRPK2	FOXP1	RAB8B	MCUB	IL32	RPS28	GNAQ	EZH2	MGAT5	CLDN5
UVRAG	UST	SLC38A1	UTRN	ZNF365	RPL18	GPR183	CCNL1	AHR	BEX3
SYNE1	ZBTB20	PPP1R16B	IKZF3	ATXN1	RPS23	PTK2	RASGEF1B	MDFIC	PGRMC1
SKAP1	SVIL	EZH2	BAZ2B	ZNF683	RPS15	RPS6KA2	LMNA	GNAI1	C6orf25
PPP2R2B	ATXN1	BRD1	KIAA0922	TRPC3	RPS8	KIF26B	IER5	PCDH9	LAMP5
SLCO4C1	SSH2	NR4A2	MCTP2	RGS9	RPS27	IL12RB2	RGS1	BICC1	LINC00989
ATP10A	PCAT1	BCR	CD160	SAMSN1	RPL3	CCR7	RELB	PTH2	FTH1
NCAM1	SGMS1	IFRD1	TCF4	TMEM244	RPS15A	NELL2	ARID4B	FAAH2	SUCNR1
FRY	LINGO2	DUSP2	USP6NL	IFNLR1	RPL18A	IL7R	MLF1	EEPD1	TSPAN33
CARD11	LINC00987	MARCH3	E2F3	SYNE2	RPL39	PATJ	CCDC173	CLNK	NCOA4
STK39	CD96	RASA3	FAM49B	TPRG1	RPS3A	ZNF521	ANXA1	KCNK17	SNN
GK5	ZSWIM5	P2RY8	NCOA1	SERPINB9	RPLP2	KLRC1	MCL1	MTCL1	BMP6
ST8SIA6	PATJ	SIPA1L1	CELF2	S100A4	RPL12	TPT1	IFRD1	TMEM123	SMIM5
CTBP2	PCNX1	NR4A3	NAALADL2	CES1	RPL27	PAWR	ADGRE5	CASK	MAP3K7CL
STK10	PIK3R1	PAPD5	JAK2	ANXA5	UBA52	KIR2DL4	NAMPT	TNFSF11	CLC
FOXN3	SYNE2	AREG	LZTFL1	MT1E	RPS16	IL18R1	TSC22D3	APP	DBET
RAB27B	ATF7IP2	PABPC1	RORA	GRAP2	NACA	GAS7	ZBTB10	GPR183	SPINT2
LGR6	EPB41	ESYT2	DOCK2	IL7	RPL35A	CD2	HMGCS1	TMPRSS11E	SLC40A1
IGF2R	LINC01138	PRKCH	CMC1	MYO3B	RPS13	XCL2	JUNB	PPP1R9A	SCGB1C2
PTGDS	AGTPBP1	ZFP36	PRKCB	THEMIS	RPS25	RPS18	DNAJA1	WDR72	SMOX
PIP4K2A	L3MBTL4	USP36	AOAH	CD8B	RPL9	IRAK3	BHLHE40	ROR1	TREM1
PRF1	ZEB1	RABGEF1	SKAP1	SESN3	RPL34	SMAP2	DDX3Y	MIR99AHG	TLX2
RAP1B	SKAP1	AOAH	PPP3CA	PTPRC	RPL5	TAF4B	EIF1	BCL11A	ABCC3
PRSS23	IL18R1	CMIP	ADAM28	SH3BGRL3	PTMA	RPS2	REL	BCL2	SEPT5
MBNL1	SLC4A10	REL	MTHFD1L	SATB2	RPL35	CNTNAP2	TSPYL2	AIF1	PROS1
RNF213	ANKRD44	WDR47	ZNF609	ARHGEF28	RPL37	RPLP1	NR4A1	ZNRF1	RAB13
TGFBR1	LINC00623	TRAPPC10	RAP1GAP2	XIST	RPL24	EPHA4	WDR74	ACY3	C19orf33
APBA2	SLCO3A1	TRAF3	SESTD1	LGALS1	RPL10A	NCALD	NEAT1	MEF2C	HIST1H2AC
GRIK4	TRPS1	ZNF571	RASA2	ASCL2	RPS9	RASSF8	DDX3X	GNAQ	LCN2
INPP5A	EXOC6B	RAB2A	DZIP3	ZBTB38	RPS19	SLC44A1	TULP2	P2RY14	GFI1B
PREX1	STAT4	SLC12A2	SKAP2	ARHGAP10	RPL27A	RPL13A	PER1	MED12L	TGM7
PYHIN1	GLCCI1	SORL1	AGK	GOLM1	RPL8	TMEM123	KMT2E	TEC	FOLR2
PDE4D	TMEM117	SMCHD1	MBD5	HLA-DPB1	RPS29	KLRC2	CRY1	FXYD5	ESAM
KAT2B	SORL1	PDE3B	ADGRA3	TRPC1	RPL14	ARAP2	GADD45B	PRAM1	HRASLS
CHST11	NCALD	ANKRD11	SLC4A10	FRMD4B	RPS5	HVCN1	CCL4	RPS6KA2	CYP4F11
NEAT1	NEIL1	MAPK8	TGFBR3	CRIP1	GZMA	MTM1	SRSF7	TTLL10	RGS10
ZFYVE28	ANK3	RELB	DOCK8	TRAC	CFL1	MSRB3	RHOB	DST	NFE2
NFATC3	IFNGR1	ATP2B1	LINC00854	CDC14B	RPS4X	YBX3	RAB8B	IRAK3	TRIM58
ARHGEF3	FTX	SLA2	FYB	ATL1	RPL37A	DENND5A	SQSTM1	CARMIL1	EGR3
HIVEP3	ARHGAP26	CXCR4	TNIK	PRSS23	RPL13A	RPL23	PRKCG	CDC14A	GAS2L1
SLC9A9	ITCH	AUTS2	NEAT1	PALLD	MYL12A	MMRN1	TIPARP	MAML2	PLCZ1
MCTP2	TANC2	ARID4B	ABHD17B	FRMPD3	RPL22	DACH1	CD44	AFAP1L1	OR7G2
ARL15	ADCY9	SYAP1	PTPRD	RABGAP1L	RPSA	UST	EGR1	TSPAN18	GRB14
IQGAP2	FYN	FUS	LCLAT1	KIF21A	HLA-C	INPP4B	SLC2A3	SLC24A3	MFAP3L
GRK5	PARK2	DNAJB6	FHIT	ANXA1	GNLY	DOCK10	YWHAZ	JCHAIN	ITGA2B
TFDP2	AFF1	IFNGR1	HIVEP1	TCERG1L	S100A4	HAPLN3	CDK17	ST6GALNAC3	SCN1B
CD226	UTRN	PDZD8	MICAL2	PTPRM	RACK1	ASPH	ZNF331	SH3BP4	S100A8
PLCL2	BBS9	CCDC97	NEK7	HLA-DRB1	HLA-B	RPL3	GNG2	GRAMD1B	KLHL41
IKZF1	WWC2	TNFAIP3	SLFN5	GDPD5	HCST	FXYD2	TRA2A	NCF1	CD36
GNG2	ADARB1	IER2	CDK19	DSTN	MYL6	CNR2	RRP12	ZMIZ1	DKKL1
LPP	MCUB	ARIH1	LINC01122	CD2	EIF1	CMC1	ARIH1	ALCAM	CD1D
RABGAP1L	NEO1	ATG2A	DOCK10	B3GAT1	RPS21	AKT3	HIPK1	ABCA1	RGS22
PRKCB	CLEC2D	TNRC6B	SCFD2	TTC16	RPL36	CD74	POLR2A	GRB10	TAGLN2
BCL2	SAMD12	PPP3R1	PDE7A	MXRA7	RPL7	PLCL2	IFFO2	RAB32	SLC6A11
VCL	SNX9	MADD	VPS13B	MIR4435-2HG	SERF2	DNAH14	TUBA1A	CCR7	ANKRD34C-AS1
DGKK	EVA1C	PSME4	JAZF1	S100A10	EEF1B2	CDHR1	WHAMM	TCF7	RAB32
PTPRA	ZFYVE9	VPS37B	LRCH1	FCGR3A	HLA-A	CRTAM	XCL1	ARHGAP15	CYBB
MAPRE2	LRBA	SKI	FNBP1	DOCK5	IFITM2	RPS23	PABPC1	GAPT	SNCA
ADGRG1	TXNIP	PPP2R3A	OSBPL3	TOB1	FTH1	KANSL1L	AKAP13	TIMP2	MDH1B
STX8	DIAPH2	SUCO	SUSD1	HLA-DPA1	FTL	CHPT1	BCLAF1	GAB1	IGFALS
FAM53B	TMEM65	DDX6	TBC1D5	ST6GAL1	RPLP0	GPR155	H1FX	SELL	ADORA1
SLC14A1	TNRC6B	LYN	PRKACB	C20orf194	CLIC1	CELSR1	KDM6B	PAG1	TMEM253
ADAM10	DOCK7	KDM6A	RELL1	TM4SF19	RPS20	RPS15A	GATA3	GATA3	CTAGE6
CCND3	LYAR	CRY1	TANC1	FAM129A	ATP5E	RPL36A	TRA2B	WNT9A	LINC00366
