1	2	3	4	5	6	7	8	9	10	11	12	13	14	15	16	17	18	19	20	21	22	23	24	25	26	27	28	29	30	31	32	33	34	35	36
MAML2	MALAT1	ACTB	SORCS3	RPS12	PTPRK	SESN3	BCL2	INPP4B	ZNF331	ST8SIA1	SGCD	ITGA1	SLC4A10	FGFBP2	PTPN13	SOX4	SEMA5A	LGALS1	GZMK	DENND4A	C15orf53	RBMS3	CR1	TRDC	CMSS1	PTPN3	HIST1H2BC	KLRC3	FOS	IFI44L	KIAA0101	NRGN	S100A9	HBA1	HBG2
CAMK4	ZBTB20	SKAP1	NBEA	EEF1A1	NELL2	TSHZ2	CDK6	FMN1	ELL2	SLC9A9	C1orf21	PARP8	ME1	GZMH	CCR6	CASC15	SNED1	LMNA	CMC1	RAB11A	FANK1	FAM19A2	ADAM23	TRGC1	FILIP1L	SESTD1	HIST1H2AC	KLRC2	FOSB	MX1	MKI67	GP1BB	LYZ	HBB	HBG1
PLCL1	MYO9A	SVIL	SUGCT	RPS18	CD8B	LDLRAD4	FAM13A	MYO16	CNOT6L	LIMS1	ZEB2	ITGA4	KLRB1	GZMB	MAF	PARD3	GATA3	CCR10	CCL5	ATP2B1	TSHR	FCRL1	ZNF462	KLRC1	MTHFD1L	COL19A1	HIST1H2BJ	KLRF1	JUN	IFI6	BIRC5	PPBP	S100A8	HBA2	SELENBP1
FOXP1	MAN1A2	RUNX1	PTK2	RPL13	NRCAM	PDE7B	EDA	FAAH2	NR4A2	PRKCB	TGFBR3	LYAR	ADAM12	NKG7	RORA	DACH1	TNFRSF11A	S100A10	DUSP2	ANXA1	STAM	RTKN2	TMEM178B	GNLY	SCFD2	CAV1	HIST1H2BG	BNC2	EGR1	IFIT3	HLA-DRA	SDPR	VCAN	HBD	AHSP
CERS6	ZEB1	CAMK1D	PLAG1	RPL10	THEMIS	PDE4D	MBNL1	EPHA4	NFKB1	NEAT1	SYNE1	IL7R	CEBPD	CX3CR1	FRY	CACHD1	KRT1	AIRE	CD74	ADGRE5	FOXP3	IKZF2	MTUS2	HOPX	NLN	MYB	HIST1H2BD	IKZF2	DUSP1	ISG15	ACTG1	PF4	FCN1	HBM	ALAS2
CSGALNACT1	SCAPER	TET3	MIR99AHG	RPL11	KLRK1	GPR155	FHIT	CDC14A	JUNB	TOX	PRKCH	TPRG1	PHACTR2	PRF1	MCF2L2	ARHGAP32	GAB2	C15orf53	HLA-DRB1	RFX3	DUSP4	FCRL3	PLXNA4	IL18RAP	DDX10	C11orf44	HIST2H2BF	TYROBP	IER2	EPSTI1	TROAP	GNG11	MNDA	AHSP	SNCA
IL6ST	ALMS1	ACTG1	MAN2A1	RPLP1	ROBO1	FAM184A	DOCK10	ARHGAP15	EML4	SMC4	AGAP1	SMAD3	PLCB1	ADGRG1	IL1R1	TOX2	PTGDR2	LGALS3	GZMA	KLF6	CTLA4	TIGIT	DST	KLRD1	ACACA	FXYD2	HIST1H1C	AOAH	TEX14	RSAD2	CENPF	TUBB1	CST3	SELENBP1	HBB
AK5	STXBP5	AHCYL2	KIAA2022	TPT1	PDE3B	IRF4	PCED1B	PAG1	RNF125	ITGA4	PPP2R2B	NCALD	ZBTB16	ASCL2	MAPK10	PDE7B	CDO1	ANXA2	HLA-DPB1	SIK3	IL2RA	CDK14	SASH1	TYROBP	ADK	LYST	HIST1H1E	LYN	RTN2	STAT1	HLA-DRB5	SPARC	C10orf11	ACKR1	HBA1
BACH2	MAPK8	SNTB1	PARK2	RPS3	S100B	AP3M2	ARID5B	TTC39C	NR4A3	ICOS	RABGAP1L	CCR9	NCR3	EFHD2	HLF	MCTP1	EDN3	TBXAS1	HLA-DPA1	RFX2	ENTPD1	CLNK	GREM2	ATP8B4	TAF4B	TMEM155	HIST1H1D	NCAM1	CD69	XAF1	ACTB	PF4V1	IFI30	SNCA	HBD
TGFBR2	DPYD	TLDC1	WWC2	RPL32	RUNX2	ATP10A	MLLT3	MDFIC	RELB	GRAMD1B	AOAH	MGAT5	TLE1	CST7	PHTF2	TCF12	USP46	LONRF2	CST7	CDC14A	IKZF2	GRIK1	FRY	CD300A	UBE3D	IL19	IER2	PDGFD	KLF6	IFI44	GAPDH	GP9	S100A12	ALAS2	GYPB
LEF1	NDUFAF2	PDE7A	ZSWIM5	RPS27A	APBA2	CD38	MDFIC	ANK3	TNFAIP3	NETO2	A2M	GFPT2	COLQ	FCGR3A	PDE4D	MIR181A1HG	ADAM19	CRIP1	CCL4	MYADM	TTN	BACH1	COL24A1	ITGAM	PVT1	DTHD1	GADD45B	NCR1	PRKCG	IFIT1	HLA-DRB1	TREML1	SLC8A1	CA1	CA1
PCSK5	TBCK	TPD52	ZFYVE9	RPS2	ATP8A1	TTN	RNF157	NR3C1	RAB8B	ATXN1	ARHGAP26	ARHGAP15	IL23R	PRSS23	MAP3K4	BCL11A	FAM129A	KIAA0825	XCL2	RPGR	ST8SIA6	NEBL	CFH	KLRG1	CEP83	AFF3	POLR2A	ARHGAP42	ZFP36	OAS1	COTL1	RGS18	MS4A6A	PDZK1IP1	PAGE2B
PACS1	LCORL	THEMIS	ZC3H12B	RPS14	CD8A	PELI1	TAB2	ACVR2A	NAMPT	FUT8	MCTP2	CBLB	LINC00299	SPON2	CASR	NREP	ERN1	S100A4	CCL4L2	WDFY2	CDHR3	IL2RA	ALOX5	MAP3K8	GMDS	HMOX1	HIST2H2BE	CD160	JUNB	EIF2AK2	LGALS1	CMTM5	CD14	HBG2	HBA2
PRKCA	COMMD10	RAP1GAP2	ST6GALNAC3	RPS8	YBX3	SNX9	CA6	TRIM2	ATP1B3	EZH2	JAZF1	PLCB1	IL18RAP	LAIR2	KAT2B	TENM1	RUNX2	FGF14	HLA-DQA1	RPS6KA5	HPGD	USP15	NEFL	GAS7	NARS2	CREB5	ASTL	DGKK	LINC00910	OAS3	MT1E	MYL9	WDFY3	HBG1	SYCE3
ZNF609	COG6	ASAP1	SBF2	RPL19	NT5E	ANK3	PIM1	HNRNPLL	SNX9	TMEM156	ATP8A1	ARAP2	AGAP1	PLEK	COL5A3	MME	CADM1	VIM	LYST	CRIP1	SGMS1	STAM	ANK1	DUSP2	TMEM241	NCOA1	LINC00910	EFNA5	ERCC1	IFIT2	TMSB10	PRKAR2B	CYBB	SLC4A1	SLC4A1
RNF175	P2RY8	CARD11	SLC16A10	RPL3	TGFBR2	MARCH3	DPP4	SLC9A9	PABPC1	MAN2A1	AGPAT4	CD226	PLD1	GZMA	CTSH	AFF2	SUSD4	S100A6	LYAR	RGCC	TOX	HACD1	MYO16	IL12RB2	ATP8B1	LINC00423	HIST1H3J	CTBP2	PPP1R15A	CMPK2	CD74	F13A1	CSF3R	SPTA1	SRGAP3-AS4
FHIT	ZNF654	ERC1	SPATA6L	RPS15A	CRTAM	RAPGEF6	CISH	CMTM8	PPP1R16B	ARAP2	PIP4K2A	ARHGEF12	ABCB1	SH3BGRL3	TANC1	TCF4	ACVR2A	S100A11	PLEK	AHNAK	HACD1	CASK	UST	PDGFD	SPATA5	PGM2L1	HIST1H2AG	SGCD	BTG2	SAMD9L	PFN1	ACRBP	ARHGAP24	MYL4	ENDOU
APBA2	PDE3B	USP32	ADAMTS6	RPL7A	CD96	LINC01524	IGF1R	IL7R	CHD1	CPM	TMCC3	MYBL1	BLK	B2M	MGAT5	NAALADL2	FRY	SLF1	CRTAM	LRRFIP1	FAM129A	ICA1	ARHGAP15	CCL5	FAM35A	IL10	PLEKHG2	TRIO	TULP2	PARP9	VIM	CLU	CPVL	TRIM58	ARHGEF10L
RBMS1	IMMP2L	DGKH	UBE2E2	RPL30	GLIS3	RASGRF2	MB21D2	CYSLTR1	SMCHD1	PHEX	FRMPD3	SYNE2	ROR2	CD8A	DUSP16	AFF3	NEFL	AHNAK	NKG7	TAGLN2	ZC2HC1A	VAV3	EBF1	DTHD1	VKORC1L1	CD38	HIST1H4C	FCGR3A	NFKBIA	SP100	TMSB4X	C6orf25	RAB31	SLC25A37	LINC01242
ABLIM1	BTBD9	RSU1	TRPC1	RPL41	MAGI2	SLC12A6	DACT1	GPRIN3	ABCG1	TBXAS1	PZP	GBP5	GZMK	C12orf75	PTPRM	NBAT1	PRKCA	FAM129A	CCL3L3	LMNA	CEP128	GCNT4	CCSER1	ZBTB16	PRMT3	HAVCR2	SLC2A3	EPB41L4A	JUND	DDX60	CFL1	PTCRA	LRRK2	IFIT1B	ALDH3B1
SERINC5	MTMR8	GMDS	SAMD12	RPL39	TXK	GLIS3	SLFN12L	DOCK10	USP36	MCOLN2	UTRN	DAPK2	P2RY14	CCL5	ADAM19	LRRN3	CHST11	FRY	TNIP3	TMEM67	IL7	DNAH8	MAP3K1	PIK3AP1	NDUFAF2	ANTXR2	JUNB	OSBPL5	GADD45B	GBP1	HLA-DQA1	PTGS1	SERPINA1	NFE2	IFIT1B
IGF1R	CCDC7	TRERF1	SPATA6	RPL29	ST6GALNAC3	ETV6	FNDC3B	ADAM19	TMEM2	FYB	GAB3	CCL5	DLEU1	ZEB2	LGALS3	RPS24	TNFSF11	ITGB1	ASTL	FAM102B	RTKN2	FOXP3	LINC00511	PZP	SLC39A11	PACSIN1	HIST1H1A	VAV3	MAPRE2	CXCL10	CDT1	HRAT92	IRAK3	TRIM10	SFRP2
FOXN3	NCL	MKL1	SYTL3	RPS6	SNTG2	SSH2	SOCS2	ASAP1	PDE4B	ELMO1	NPC1	LRRC8C	MYBL1	TTC38	B4GALT5	PLCB4	FUT8	SEPT11	CD8A	AGPAT4	CCDC141	SLC14A1	RASSF6	DOCK5	HSP90AB1	GZMK	H3F3B	IGFBP7	SRSF7	LY6E	STMN1	CLEC1B	CD300E	SLC6A8	HBQ1
PDE7A	TSPYL2	FAM49B	FER	RPL18	BACH2	PKIA	PCGF5	AFF1	NFKBIA	TOX2	PRR5L	CD96	SYTL2	S100A4	S100A4	SDK1	ITGB1	TRERF1	B2M	PRKCG	BCAS1	KALRN	SUSD4	NCAM1	KCNQ5	POU2AF1	HIST1H2BN	XCL2	TUBA1A	HERC5	PTTG1	PDZK1IP1	KLF4	TNS1	ADGRB1
CD96	HIST1H1C	ZNF609	TTC28	RPL18A	SNED1	CTLA4	PLPP1	MAP3K1	REL	KIAA0825	RAP1GAP2	CASK	LTK	FCRL6	CMTM6	LEF1	CSGALNACT1	FUT7	CD160	CD44	CASK	PLCL1	AUTS2	A2M	TTC27	DSCAML1	TSPYL2	FCRL3	IER5	PLSCR1	MYL6	CTTN	PLAUR	YBX3	MPP1
AAK1	KIAA1328	FKBP5	PKD2	RPS7	MAML2	ANKRD55	MAL	SEMA5A	P2RY8	PASK	FYN	IL15	IL18R1	GNLY	LAMA2	CHI3L2	TMPRSS11E	TIAM1	AOAH	FAM107B	LINC00152	HDAC9	MB21D2	MYOM2	ADAMTS17	RGS6	PPP1R10	KLRD1	TNF	SPATS2L	HOXA13	ITGB3	MEF2C	TGM2	TNS1
EPB41	ANKMY1	LPP	MICU3	RPS23	SH3BGRL2	PRKCA	FAM65B	AKT3	BORCS5	RABGAP1L	SYTL3	PAG1	SIPA1L2	HLA-C	AFDN	NBEA	SORL1	PLD1	SRGN	RAPGEF2	PMAIP1	GLCCI1	EFHC2	TFCP2L1	MAP4	ZNF704	GALM	GNLY	H3F3B	DDX60L	PTMS	TMEM40	CSF2RA	LINC00570	BLVRB
RAPGEF6	RAP1GDS1	MBNL1	FAM160A1	RPL26	FCGBP	PLAC8	CYLD	GNAQ	ZFP36	ITGB1	SETBP1	RPS6KA3	PARP8	KLRD1	LINC00299	MAML3	LINC00511	ADAM19	KLRG1	EEPD1	GBP5	LINC01281	IL7R	CTSW	METTL8	MCTP1	JUN	VIPR2	TNFAIP3	MT2A	HMGN2	CXCL5	PID1	HEPACAM2	NAGS
TXK	ITFG1	GNAQ	DLG2	RPS3A	FBXO32	PASK	RBMS1	FAM19A1	SPDYA	MIR4435-2HG	VAV3	CDC14A	NTN4	CYBA	KLRB1	CALCRL	MTUS2	ZFYVE28	EOMES	TSC22D3	F5	SETD7	EPHA4	EPHX4	CCND3	PTPRJ	HIST1H2AE	KLRC4	SLC2A3	MX2	CORO1A	LY6G6F	HCK	TAL1	TTLL9
ANKRD55	TBC1D5	HRH2	MTUS1	RPL17	CARS	ST6GALNAC5	ADTRP	AP3M2	EIF1	PELI1	PPP1R16B	CLIC5	BANK1	CTSW	TTC39C	MIR325HG	GATA3-AS1	CAPG	DTHD1	CA5B	LINC00426	SESN3	FAM13A	NCALD	NDC1	TRPS1	TFRC	FCRL6	YPEL5	USP18	SLC25A5	SNCA	MPEG1	GYPA	BPGM
ATM	RSRC1	BICD1	PBX1	RPL28	NAA16	FUT8	KANK1	LPAR6	YES1	UTRN	AUTS2	DYSF	LATS2	PFN1	AQP3	SSBP2	GNAQ	ZNF365	IFNG	MAPRE2	ZC3H12C	MAP3K1	PDE4D	PLCB1	MPP6	BICDL1	C3orf58	GAS7	PDE4C	TRIM22	S100A4	BEND2	RAB32	HBQ1	WASF1
DOCK10	HNRNPA2B1	INPP4A	NR3C2	RPS28	DSEL	CCDC141	ITGA6	MAP3K5	CXCR4	CDC42SE2	IQGAP2	MCOLN2	KIF5C	PROK2	LTB	ITM2A	RAB11FIP1	SOS1	GZMM	GNG2	CHST11	MAGI1	SNTG2	SYTL2	SCMH1	CBLB	IFRD1	SPECC1	NR4A1	PGAP1	HLA-DPA1	CD9	KYNU	BLVRB	C3orf30
PITPNC1	METTL15	MACF1	EXPH5	RPL34	REG4	ENOX2	TRAT1	SORL1	ZEB1	BICDL1	KLF12	ERN1	IL4I1	HCST	KIF5C	TOX	TIAM1	MYO16	HLA-A	ESYT2	CCR3	LINC00402	PPP4R4	XCL2	ST3GAL3	PHACTR2	HIST1H2AH	FAM49A	DNAJA1	HERC6	CDC20	MYCT1	LPCAT2	TSPO2	RIMS2
MLLT3	RPS6KC1	TSPAN18	RNF130	RPS4X	LRRN3	SESN1	ESR1	TIAM1	FAM46C	TLK1	SAMD3	HOPX	SCRN1	CLIC3	ZNRF1	BMP2K	LINC00152	KLHL4	TIGIT	MPP7	NEAT1	HMCN1	PARD3B	RRAS2	CLYBL	RNF19A	TEX14	CD63	GALM	OAS2	ARPC5	GUCY1B3	WDFY4	SLC25A39	ZNF503-AS1
CMTM8	SIMC1	FAM168A	KLHL29	RPL12	ATM	CD200	TXK	PCNX1	AIM1	CDCA7	ATXN1	RORA	COL5A3	ARPC2	RUNX2	ST3GAL6	HIVEP3	PLP2	HLA-DRA	PPP1R15A	IL32	LDLRAD4	ANK3	AGPAT4	PPP2R3A	TOX2	PABPC1	TTC38	RGCC	PARP14	ARPC3	SEPT5	CHST15	GMPR	IQCK
TESPA1	WDPCP	ANKRD44	PLEKHH2	RPS25	PECAM1	BTBD11	PDK1	ATXN1	GRK5	TOP2A	PAM	GML	RORA	HLA-B	C1orf186	RAPGEF5	PRKX	PI16	KLRK1	UST	ATXN7L1	FCRL2	MCOLN3	L3MBTL4	PKP4	LAYN	HIST2H2AA4	PDLIM1	PLEKHG2	RNF213	ARPC1B	LGALSL	P2RY13	OVCH2	MYCT1
RUNX1	TASP1	ADARB1	IGF1R	RPL10A	TPST1	PKIA-AS1	CXorf58	PHACTR2	PPP1CB	PVT1	PARP8	RASGRF2	CXXC5	ZNF683	TNFRSF18	SPOCK3	FNIP2	SAMSN1	VCAM1	JUND	SEMA3G	MRC1	C1orf186	MATK	WRN	FGFR1	SPTAN1	CMC1	IFRD1	LAMP3	S100A6	LCN2	CXCL8	GYPB	FECH
FAM117B	NORAD	NOL4L	KANSL1L	RPL23A	FOXP1	INPP4B	AP3M2	STT3B	CDC42SE2	TMEM2	STAT4	UST	A2M	APOBEC3G	GPRIN3	AOAH	C9orf135	AHRR	HCST	ISM1	PRDM1	ARID5B	SNX7	PTMS	DDX21	RBM20	SNX32	PTGDR	TSPYL2	OASL	SUB1	NCOA4	CDA	SMIM24	CCL4L2
IPCEF1	GMDS-AS1	OPRM1	ACVR1C	RPL5	CERS6	GPRIN3	ATP10A	ARID5B	EZH2	CD226	CMIP	EMB	KLRG1	S100A6	ARHGAP10	GPC3	EGLN3	IL9R	CTSW	CYTH1	MIR4435-2HG	BIRC3	RIPK2	NKG7	ANKUB1	PIP4K2A	MYLIP	CEP78	KIAA1683	IFI16	ARHGDIB	TRIM58	HLA-DRA	OR2H1	METTL24
FYB	AKT3	FCHSD2	SUCLG2-AS1	RPL14	TTTY14	AFF3	INPP4B	SERINC5	AREG	KLF12	MTSS1	DOCK10	CYTH3	MYL6	LIMS1	HERC1	SND1	CEP112	HLA-DQB1	HIPK1	USP15	SGPP2	MGAT5	GZMA	CENPP	LRMP	HFE	KIR2DL3	NR4A2	SAMD9	HLA-DQB1	TAL1	SPI1	LPCAT2	CORT
UBASH3B	FAM35A	EIF4G3	AKAP6	RPL35A	GPR155	TSPAN5	UPP1	MGAT5	DENND4A	ASAP1	RAPGEF1	WDR63	PRSS35	HLA-A	ADAM12	GRK3	SESN3	ANXA1	HLA-B	WDR35	ANTXR2	NAV2	USP46	EFHD2	SSH2	LGALS3	HIST1H2BF	PIK3AP1	MYADM	ISG20	CLIC1	PVALB	PDK4	MPP1	LNX1
SSH2	ADK	XYLT1	LRP6	RPL6	CD55	IL6ST	SNTB1	ITGB1	POLR2A	CENPE	PRKCB	CXCR3	GPR65	CLIC1	TNFRSF4	CAMK4	PCNX1	PLEKHA5	MAP3K8	EZR	HLA-DRB5	PELI1	TIMP1	ADAMTS1	WWOX	ABHD17B	SLC38A2	KIR3DL1	CCNL1	PNPT1	S100A10	LINC00989	CSTA	ESRRG	ANAPC2
NELL2	EHBP1	SCFD2	DNAJC6	RPS9	DOCK10	LIMS1	RPS6KA5	LRIG1	RHOH	LINC00426	PPP2R5C	NECTIN3	PDE4D	FLNA	RPS6KA3	SMC4	ARHGAP15	LMO4	FCRL3	GATA3	HLA-DRB1	C12orf42	NELL2	ADGRG5	PAICS	TMEM2	H2AFX	CCL3	TSC22D3	SP110	ARPC2	THBS1	SLC11A1	BPGM	IFI30
SLC16A10	RFX7	CC2D2A	LRRC7	NACA	SH3RF3	PCBP3	GREM2	MBP	RAB11A	TNIK	PTPN12	HIP1	GZMA	CES1	SOS1	SERPINE2	ZP1	EEPD1	CD8B	BICDL1	SKAP1	SLC12A6	CYP4X1	ARHGAP26	MACROD2	KLHL2	ID2	SLC22A15	ANXA1	IRF7	ANXA2	ITGA2B	CLEC7A	UBB	EYA4
KIAA0922	INVS	SLC39A11	APBA1	RPS5	SUPT3H	F5	IL4R	CD96	CRY1	MAF	LGR6	IQGAP2	MPPED2	ACTB	ELOVL4	KC6	GPR155	TXN	SH2D1A	SYNE2	PALM2-AKAP2	MIR3142HG	NCAPG2	KLRC2	IMMP2L	LDLRAD4	HIST1H2BE	ITGAX	CD83	BST2	HLA-DPB1	TRAPPC3L	LINC01272	GPC6	TGFB2
NDFIP1	MTAP	CAMKMT	ZC4H2	RPS15	AIF1	FAAH2	ARHGAP15	LRRC8C	PLEKHA2	PPP2R5C	EPDR1	PDE4D	DLEU7	CD99	YWHAH	ATF7IP2	NRIP3	ALOX5AP	MCOLN2	SAMHD1	ARHGEF12	CEACAM4	NEDD4L	LYAR	MYO9A	UTRN	CDKL2	SKAP2	MLF1	HELZ2	H3F3A	TMEM158	CD86	DCAF12	ZNF300
IL7R	HIBCH	STAU2	EML5	RPL8	PASK	KLHL42	C18orf25	AIM1	CD83	CYTH1	PTPRJ	AKT3	FOSL2	TRGC2	WDFY2	MAP3K1	FAM107B	MFHAS1	RGS1	MIR24-2	LGALS3	RNF175	GRIP1	CEBPD	PRKAG2	RHOH	GCH1	TIGIT	POLR2A	UBE2L6	CD52	HIST1H2AC	FPR1	FOXO6	KCNAB1
SCML4	TMLHE	C22orf34	NAALADL2	FAU	SERINC5	CBLB	PLXNA4	ST8SIA1	CDK17	CDYL2	DNAJC1	PIP4K2A	IL7R	LGALS1	PAG1	ADAM10	INPP4B	MAP4	TRGC2	TUB	BARD1	ANK1	DCHS2	KLRK1	TYW1B	NUCB2	HIST1H4H	CTSW	DNAJB1	IRF1	ANXA5	ADRA2A	ZNF804A	HIST1H3G	RUNX1T1
PDE3B	RAB28	DOCK2	EVI5	RPL37	ACTN1	TNIP3	LTB	FYB	PDCD4	COTL1	TFDP2	CHST11	PZP	ITGB2	MDFIC	MAST4	PPP1R16B	SH3BGRL3	HLA-C	PBXIP1	SMCHD1	GPHN	LARGE1	MYBL1	ARHGEF18	PRDM8	NUFIP2	KIR3DL2	MIR24-2	GBP5	PPIA	CA2	JDP2	DMTN	ZNF547
CAMK2D	PHF3	DISC1	SSBP2	RPL15	KCNQ5	INPP5F	SLCO3A1	LPP	IFRD1	RNF19A	PDGFD	FAM129A	ID2	CD52	NEAT1	ADGRA3	LINC01229	GLIPR1	CD81	ATP2B4	ZNRF2	SLC9A7	RBMS1	CST7	SLC25A13	RAP1GDS1	PEX11G	SH2D1B	EIF1	APOL6	CALM3	SMOX	RTN1	TNFAIP2	PLBD2
SH3RF3	EXOC6B	DTNB	SPEF2	RPL9	CA6	PVT1	ANK3	ETV6	CHKA	EIF3A	AKNA	MDFIC	ERN1	SYNGR1	CCL20	ZEB1	CHDH	KATNAL1	IL32	CRY1	TTC39C	SKAP1	RUNX2	CCL4	PPP1R14B	RPTOR	SRSF7	PLCG2	CROCC	GBP4	HMGB3	RAB32	LILRA5	NFIX	B4GALT7
SSBP2	XPR1	TRAPPC9	UACA	RPS19	ZNF496	WHSC1L1	NFKB1	MFHAS1	DUSP2	ABLIM1	FAM53B	MVB12B	NFKBIA	GZMM	DLEU1	ITGA6	PHTF2	LINC01362	TNFRSF9	CYSLTR2	IQGAP2	DUSP16	CLIC4	C1orf21	SMARCC1	ARAP2	HEXIM1	SLCO4C1	MYLIP	DTX3L	PRDX1	FAM26E	FAM198B	ADIPOR1	CCNE1
TC2N	ANKIB1	MTFR1	FTCDNL1	RPS13	OXNAD1	TXK	ITGA4	TRERF1	PIK3R1	PHACTR2	PICALM	ST6GAL1	PLXDC2	CTSC	IL4I1	KCNQ5	MYO1D	PPARG	HLA-DRB5	ANKRD28	HLA-DQB1	PYHIN1	USP10	ZNF683	KIAA1958	PAM	HIST1H2BB	STYK1	RHOB	IFIH1	UBE2C	NFE2	LYN	ADCY8	C6orf163
BCL11B	SMCHD1	MAK	CCDC102B	RPS16	PRDM5	OPRM1	AFF1	UST	MAPK8	CD109	TCF7L2	PAM	TSPAN15	CD8B	DLGAP1	SCAI	PKP2	LPAR6	APOBEC3G	TAGAP	SETD7	DGKH	TIAM1	ID2	RPS17	PCAT1	ZC3HAV1	TRGC2	ADGRE5	IRF9	TPM4	PDGFA	EGR3	TMEM176A	ZNF222
TCF7	CEP83	STIM1	DOCK3	RPS27	LEF1	ST6GALNAC3	SLC40A1	PIK3R1	JUND	KLHL5	HIVEP3	ABCB1	PLXND1	HLA-DPB1	PLCB1	FCGRT	UST	EMP3	SLAMF7	RAB11FIP1	CCR4	AFF3	TNFRSF4	LATS2	C9orf3	TIMD4	HIST1H1B	SLC4A4	CITED2	IFI35	LIME1	SCGB1C1	LINC01506	FLJ33581	MKRN1
CNKSR2	BCKDHB	ANKMY1	ZBTB20	RPLP2	SFRP5	TIMD4	CD55	CAMK4	ZSWIM6	PRKCH	TOX	SAMSN1	CXCR6	ABHD17A	REEP3	ETS1	CRAT37	B4GALT5	GTDC1	GPATCH2	TRIB1	INPP5F	KIT	HLA-B	TMTC2	BRD7	STK17B	ITGAD	NAMPT	GBP2	SERF2	AVPR1A	PLXDC2	CLIC2	RENBP
IKZF1	RTTN	SCAI	TRPS1	RPL24	PCSK5	MAML2	DPYD	IQGAP2	ARIH1	FAM160B1	CHST11	LRIG1	SPTSSB	CD63	ADAM10	BACH2	STT3B	TP63	C12orf75	UCP2	ATP2B1	F5	PLCL2	APOBEC3G	DENND1A	SYNE2	SPDYA	JAZF1	SAT1	PARP12	DBI	SMIM5	MS4A7	LINC01241	YBX3
FKBP5	SCMH1	GLG1	TMEM232	RPSA	KLRC4	GCNT2	OXNAD1	SFMBT1	ZFP36L2	TBL1XR1	CBLB	SLFN12L	NEO1	DBI	RORC	IKZF2	PPP3CA	MTSS1	PYHIN1	MLF1	TNFRSF9	SELP	SOS1	TGFBR3	LINC01115	MIR181A1HG	IER5	RRAS2	LETM2	SMCHD1	RAC2	GAS2L1	EREG	CYP26C1	IFI27
LRRN3	UMAD1	VAV1	PATJ	RPL22	PSMA1	MAP3K5	PALM2-AKAP2	CD84	JMY	RAPGEF1	FAM49A	ANTXR2	BHLHE40	TBX21	S100A11	PCBP3	FXYD7	CLU	SAMD3	TNFAIP3	FAM46C	EPB41	AGAP1	PRF1	PUS7	PDE4D	LDHC	DRAXIN	SLC38A2	LAP3	MIR181A1HG	ESAM	NAMPT	FECH	CDKL4
MAST4	SCFD2	ACTR3	PDZD2	RPL21	ZNF609	ICOS	SFMBT2	CYSLTR2	BTG2	SMCHD1	EIF4G3	PPP3CA	TRIQK	CD3D	EML4	FLNB	SLC9A7	TAGLN2	CBLB	DZIP3	CCM2	SH3RF3	SLC40A1	CD247	TJP2	SH3RF2	EIF4A3	MCTP2	ZBTB10	HSH2D	PPP1CA	PROS1	HK3	LINC01309	SNX22
CACHD1	SCLT1	CNN2	PLPP1	RPL36A	TSPAN32	GTSCR1	ARHGEF3	MTSS1	GADD45B	PTPRJ	NCALD	MAP3K5	MAN1A1	CD3G	TNFSF13B	PECAM1	IL9R	RCBTB2	PFN1	TCP11L2	NEDD4L	TOX	TNFRSF18	AOAH	PDXDC1	MTSS1	BRD2	DYSF	CXCR4	PSMB9	ATP5L	PDLIM1	MITF	BCAR1	TP53AIP1
GRIP1	ZNF407	CCND3	MYO1B	UBA52	CLEC11A	GBP5	N4BP2	CD226	TGFB1	SLC2A3	ADGRG5	ADK	DPP4	CALM1	FRMD4B	EPB41	SLCO3A1	IL32	CTSC	MBNL2	JAZF1	PALM2-AKAP2	DLEU1	TPST2	ALG14	NEK7	HIST3H2A	CYBA	NFKBIZ	LGALS9	LCP1	SH3BGRL2	CD68	LY86	TAS2R8
CCR7	HNRNPU	SCMH1	GLIS3	RPL27	NDFIP1	SDK1	ADAMTS17	SYNE2	PSME4	MIR181A1HG	MYO1F	PCNX1	IL12RB2	CFL1	TRIQK	FAM117B	IL4R	DUSP4	CYBA	CFAP69	SYNE2	LEF1	AFF1	HCST	EIF2B3	PTK7	RASD1	IL2RB	ZFP36L2	STAT2	ATP5G3	MAP3K7CL	RBM47	YOD1	TBX6
OPRM1	RASA3	PTK2B	SNX9	RPS29	FAM117B	SFMBT2	LEF1	GLIPR1	SLC2A3	MED13L	PYHIN1	KAT2B	RORC	LILRB1	MAP3K5	PELI2	S100A11	SLC22A3	E2F3	EFCAB2	LAYN	ST8SIA1	AKT3	MCTP2	SRM	CCSER2	WSB1	IFITM2	RRP12	DDX58	GMFG	GNAZ	TLR8	SAPCD1	SYN3
ITK	RFX3	CORO1A	LINC01284	RACK1	CD248	IPCEF1	GNAQ	CD69	LRIG1	SMAD3	GALNT3	SYTL2	GAB1	TMSB4X	SASH1	NLRP14	EDARADD	MCF2L2	CLIC1	GAS7	FAM160B1	ATXN1	A2M	TBX21	GTF3A	GFOD1	HIST1H4I	PTPN12	CXorf57	ADAR	COX8A	BMP6	PTGS2	SHISA2	LY6G5C
SATB1	DDX5	PFN1	MAP2	EEF1B2	FUT8	ITGA4	TAF4B	UTRN	IDI1	LINC00152	TMEM181	FXYD2	RUNX2	MTSS1	ZC2HC1A	DPPA4	SEC61B	FSD1L	PLEKHG1	CFAP20	HS3ST3B1	TSPAN5	KIF13A	GATA6	FGL1	BCL2L11	GLS	MYO6	PMAIP1	SCLT1	CNN2	PGRMC1	LILRB2	HCK	SNRNP25
LINC00861	TTC17	BCL11B	GPAT3	RPL35	ABCB1	ATXN7L1	TMEM123	PASK	KMT2E	SERINC5	OSBPL5	IFI27	IFNGR1	IL32	IL7R	SH3RF3	MCF2L2	B2M	ATXN1	TTLL5	RGS1	TBC1D4	MYOM2	MYO1F	MTAP	ANKRD33B	SERTAD1	CXXC5	ARIH1	C19orf66	PSMB8	PPP1R14A	PLA2G4A	BNIP3L	MEOX1
SCML1	FBXL17	RNF144A	MIPOL1	RPS21	NUCB2	MAP7	LINC01500	VIM	PFKFB3	SLC4A7	PLCB1	AGO4	CFH	IFITM2	LRP12	MTA3	AKAP12	ANXA5	XCL1	CORO7	MAN1A2	CHST11	SUPT3H	IL18R1	PUM3	PITPNC1	GNAS	GPR153	YWHAZ	PHF11	MT2A	HRASLS	CD163	VEPH1	CEP41
DIP2B	LINC01473	SMG6	SLC1A1	RPL36	PITPNC1	LINC00402	KLHL5	KLF12	H3F3B	TP53INP1	PTPRM	PRDM1	DUSP1	HLA-DPA1	PFKFB3	NLGN4X	GRIA3	RIMS2	FAM46C	TSPAN2	EZR	CHN1	TBC1D12	LINC00299	CC2D2A	SEPT6	HIST1H1T	GFOD1	ODC1	ZBP1	CAP1	P2RY12	LGALS2	H3F3C	TEX11
SKAP1	NSF	HS2ST1	ZNF208	RPS24	NR3C2	FAM117B	USP10	ACVR1	SRGN	FNBP1	SCD5	TTC39C	MED12L	EPDR1	ANK1	TMSB10	INPP5D	NUGGC	TOX	IVNS1ABP	ARID5B	RASA2	HIVEP3	SRGN	FTCDNL1	RERE	HIST1H3A	ZEB2	PPP1R10	PSME2	RRM2	TLN1	MARCKS	GCM1	TMEM52B
PAG1	SPATA5	FAM222B	NMNAT3	RPLP0	GRAP2	PYHIN1	ISM1	ZNF208	CENPC	HNRNPLL	GALNT10	CHD9	C1orf141	SRGN	CERK	CR2	TNFSF10	ACTN4	CLEC2B	ARL4A	SAMHD1	SHMT2	CYB561	NUGGC	EDA	HDAC4	NASP	METRNL	KLF2	IFIT5	TXNDC17	DAB2	IL13RA1	XK	PSG8
TBL1X	BBS9	ZFAND3	LINC01376	RPL27A	PACS1	HS3ST3B1	ADGRE5	ANKRD12	PELI1	RILPL2	PITPNC1	PITPNC1	ARL4C	EMP3	LDLRAD4	PTGIR	KIAA0825	CNTNAP1	TMSB4X	PGM2L1	PPP1R16B	METTL7A	NCALD	AUTS2	R3HDM1	CLDND1	HIST1H2AD	RIN3	PER1	TRIM25	COX6C	GFI1B	BASP1	LGALS3	DEPDC4
TRABD2A	ZCWPW2	UBAC2	SFMBT2	RPL37A	NAP1L4	GBP2	LRRN3	S100Z	ATAD2	ZC2HC1A	GNG2	IL26	SPON1	CALR	ANXA2	ZNF215	YBX3	NEDD4L	TPRG1	JMJD1C	TNFRSF1B	GPA33	TOB1	KLRB1	RASA3	TMSB4X	PPP2R3A	KLRK1	NFKB1	FCHSD2	TXN	SPX	FCER1G	HES7	DNAH6
MGAT4A	HNRNPDL	ATG7	BCL11B	RPL13A	NAALADL2	FYB	LINC01420	DPYD	GCH1	SH3KBP1	CADM1	GALNT10	NNMT	RGS9	B3GNT5	PDE7A	CAPG	CD99	CD99	FMN1	PLCL1	TIAM1	LTB	B2M	SLC30A8	KIAA0232	H1FX	GOLIM4	EGR3	TNFSF10	ACTR3	PEAR1	G0S2	BAG1	NREP
MARCH3	CDK8	TCF12	NFIA	EEF1G	STK33	MBNL1	FLT3LG	DOK6	GPCPD1	EPB41	ADCY9	DOCK8	LST1	SLCO4C1	MYBL1	HPGD	GCNT1	CD52	SH3BGRL3	AHR	HLA-DRA	MARCH3	PELI2	GPR65	LARP1B	SIPA1L1	NFE2L3	AKT3	WDR74	ETV7	CHCHD2	FTH1	CLEC12A	HEMGN	NFIX
PCED1B	SIK2	SYNJ2	FAM153B	RPL7	ABLIM1	TPR	FAM69A	HIVEP2	RNF19A	OPTN	SLC4A4	JAK2	PRR5	CEP78	ERN1	MARCKSL1	C5orf17	CCR4	CCL3	SEMA4A	GLCCI1	FXYD2	RPS19	SAMD3	EHBP1	CASK	IRS2	SETBP1	HSPH1	DRAP1	DUSP4	MTURN	CHI3L1	OR2T12	CACNA1E
ETS1	MPP6	SERINC5	MAGI3	PFDN5	ANKRD44	CHI3L2	PTGER2	TENM1	FAM177A1	WNK1	MYBL1	TC2N	ELOVL6	SLC1A7	SLAMF1	RASSF6	SAMSN1	TFRC	AGBL4	ODF2L	CD74	LINC00891	WWC2	GZMM	CAMKMT	TIGIT	BTG1	KIR2DL1	ID2	TAP1	PSMA4	LGALS12	FZD1	EPB42	NR2F6
OXNAD1	RPGR	STRBP	FSIP2	RPL38	ZNF827	MALT1	C4orf32	CCSER1	IRS2	LRBA	NCOA1	PREX1	ELOVL4	TGFBR3	AHR	STMN1	FGFR1	ANKRD28	CXCR4	ATP10A	UBL3	CCDC50	FAM19A1	CBLB	NME2	GNB4	PDE4C	LILRB1	ATF3	TYMP	PSMA2	HIST1H3H	FCER1A	TDRD1	ZNF177
PIK3IP1	WRN	CBFA2T2	EPHB6	RPS20	ABCD2	LPIN2	ETS1	ADAM23	GSPT1	OSBPL8	P2RY8	INPP5D	GALC	SERF2	PRDM1	TMEM37	GML	NTRK2	FYN	FOS	HLA-DPA1	DLGAP1	TRIQK	ARL4C	COMMD1	PALM2-AKAP2	NFKBIZ	FGR	HMGCS1	HLA-E	C12orf75	CLDN5	AQP9	CYP7B1	TACR1
FAM65B	MMS22L	RERE	APP	TMSB10	CBLB	FOXP1	TSHZ2	LINC01362	YPEL5	SGPP2	YES1	CAST	RBM24	PPP1R14C	HRH4	SELL	KRT7	SLC2A3	CD2	GPCPD1	SLC16A10	SAMHD1	PZP	IL2RB	TANC2	SPTBN1	TUBB4B	PLA2G16	DDX3Y	GPR155	DYNLL1	P2RY1	CREB5	NCOA4	SPATA24
MCUB	ACAD11	ST8SIA4	PARD3B	BTF3	USP11	LINC01281	AFAP1	KLF6	DDX21	ARID5B	MYO6	PLCL2	SLC7A5	GSTP1	ZC3H12D	CAMK1D	DIP2C	TSPAN2	A2M	TMEM65	ST8SIA4	MLLT3	KLHL5	NCR3	SND1	RCSD1	RNF19B	PLAC8	MCL1	BISPR	ISG15	STON2	HP	RUNDC3A	RIOK3
LINC01550	GPHN	SLC16A7	PKIA-AS1	TMSB4X	PADI4	ESR1	SYNE3	JUNB	PMAIP1	SLF1	SYTL2	PPP2R2B	NRIP1	MYO1F	IL2RA	PCDH9	CCR4	TWIST1	YBX3	ABCC1	PELI1	CMTM8	PRKG1	SYNE1	LARP1	TACSTD2	TUBA1B	PTGDS	ASTL	PPM1K	SLC25A3	ELOVL7	RIN2	ERFE	ZNF155
SORL1	SPIDR	ACAP2	XIST	LTB	PRCD	ELMO1	IKZF1	SOCS3	SKI	TMSB4X	RUNX1	ATXN1	CA2	LCP1	TMEM156	MCC	GDPD5	HLA-DRB1	PZP	NME7	DUSP16	CYP7B1	NPTX1	COL6A2	MAP2K5	SH2D1A	ZFP36L2	ABCB1	RASGEF1B	JAK2	MXD4	ABCC3	STEAP4	MKRN1	DESI2
SLC12A6	DCAF10	CCND2	VOPP1	RPS11	PRKCA	CARMIL1	CBFB	ANTXR2	ARID4B	ARID4B	AGTPBP1	DOK6	PTPRM	ITGB1	VCL	BTBD3	SOS1	CAST	APMAP	EFHC2	IL10RA	NIPAL2	ACE	SYTL3	SH3D19	AGAP1	HIST1H4A	PRF1	ARF4	TRIM5	SH3BGRL3	BTK	SDC2	FAM210B	CLDN15
DENND5A	TBC1D32	KCNQ1	ZDHHC15	PTMA	ICA1L	EPB41L3	DST	TMEM65	SIK3	F5	STK39	PCNX2	JAML	C1orf21	ARNTL	SCN9A	SLC4A7	LINC00511	OAZ1	CCDC173	CASP8	TNFRSF1B	TMEM156	ABCB1	ZNRF3	USP24	KIAA1683	CD244	IL4I1	NLRC5	H2AFV	ARHGAP6	TRNP1	LINC00900	KIAA1324
TNFAIP8	ZCCHC7	PKIG	SH3YL1	FTH1	PRMT2	KLHL5	RASGRP1	APP	STAT3	NFAT5	FCHO2	NT5E	EML4	RAP1B	RAB11FIP1	CD55	RPL13A	PPP3CA	RARRES3	MOK	TULP4	NCF4	EPB41L4A	IFITM2	SLC2A13	TMEM245	HIST4H4	CST7	EIF4A3	UTRN	PSME2	CD36	ANPEP	PCDHGA8	SOX10
EDAR	UPRT	GBF1	FBXL13	HINT1	SLC16A10	ZNF831	GPRIN3	CCR4	CREM	TET2	CEP78	CD2	SPOCK2	VCL	OSBPL3	TTC28	ZNF365	PDZD2	UBC	XYLT1	DUSP10	TLR5	GPHN	GALNT3	ATR	GRK5	OAT	NIPAL2	UBC	USP15	BTF3	CD68	THBD	CNKSR3	TMEM191C
FOXO1	TBC1D19	FLI1	RNF157	RPS10	SNRK	RAB30	KIAA2022	CDC42SE2	SYAP1	GLCCI1	ZFAND3	PRKCB	PRF1	MYL12B	VIM	CHST2	NR3C1	ATXN1	FABP5	GPR183	ITGB1	TXK	TMPRSS11E	S100A4	NME1	PREX1	CABYR	CNR2	DDX3X	PALM2-AKAP2	LSP1	ASAP2	LRRK1	PMP22	LINC00954
FAM102A	USP47	R3HDM1	LARGE1	EEF1D	BTBD11	MAN1C1	LPIN2	SESN3	BTBD11	NAMPT	JAKMIP2	SBF2	S100A4	CCL4	ZFP36L1	CD38	MAP4	LRRFIP1	MT2A	JAM3	SLFN5	SMAD3	SBF2	ERN1	INVS	ACTG1	BOLA1	FCER1G	CYCS	PSME1	S1PR4	AQP10	FGL2	APOBEC4	GJA1
NCOA3	ROCK2	ANGPT2	FAM169A	TOMM7	PARD3B	CDHR3	ABCC1	CEP128	SYTL3	ESR1	RAB27A	SIK3	EOMES	S1PR5	EVA1C	PITPNC1	REEP3	ANTXR2	PIK3R1	KIAA0922	SNED1	ZSWIM6	KAT2B	CLIC1	ESR2	NFATC1	TLE4	MBP	DUSP10	IFITM1	MYL12A	OAZ1	LILRA2	GLP1R	ARHGEF26
KLHL2	ELP4	TGFBR2	KIAA1958	RPL4	SGK223	SAMHD1	MYB	NLGN4Y	SBDS	RBPJ	SRPK2	ZNF683	CCR1	UBC	ANKRD28	EPB41L3	ATXN1	TMSB10	RAB27A	AKT3	CD58	NABP1	SORL1	CD52	HOMER1	E2F3	DNAJA1	NKG7	BTG1	SAT1	HMGB2	TAGLN2	CYP1B1	RBM38	TRAF3IP2
PTK2	ARGLU1	SUSD4	RALGPS2	NPM1	OSBPL5	TLK1	ARL6IP5	GPCPD1	SAMSN1	FAM65B	PLEKHA2	EDARADD	SKAP2	ABI3	TSPAN5	KANSL1L	MAST4	PPFIBP1	FCRL6	EMP1	HLA-DPB1	SWAP70	WDFY3	ITCH	NOP56	MT2A	TNF	CRTAM	C6orf99	XRN1	PSMB3	MPP1	SYK	MCAM	RMDN3
MTFR1	SLC2A13	TNIK	THOC3	COMMD6	CAMK4	SRGAP3	TTC39C	ARHGAP5	BRAF	SKAP1	RAPGEF2	TAB2	IKZF2	CMKLR1	SAMD12	RALGPS2	OSBPL1A	USP46	CD84	FAM179B	SAMSN1	DSCAML1	CEP112	XCL1	UBE3C	SESN3	HIST1H3D	HOPX	TUBB4B	PSMB8	HNRNPA1	TSPAN33	SLITRK4	LAMB4	TRABD2A
ITGA6	YTHDC1	ARHGAP26	AGBL3	UQCRB	LRRC8C	RALGPS2	STAMBPL1	ZBTB20	ANKRD12	HELLS	SYNE2	STAT4	RNF165	PPM1L	AUTS2	CSGALNACT1	MAP3K1	CRIP2	SRSF7	FOXN2	NCF4	C1orf112	DAAM1	CLIC3	WDR43	NAMA	HIST1H3H	RAB27B	DUSP2	NUB1	C17orf49	C19orf33	CPED1	PAMR1	SLC19A2
RGS10	ATRN	HERC4	VWDE	RPL23	ITK	ACVR2A	ANKRD12	TXNIP	RCOR1	PTPRC	CNOT6L	NFIA	CHD9	DAB2	PTPN4	KIAA1958	HRH4	GSTK1	EIF1	KIF27	SAT1	FOXP1	ACVR1	YES1	IQCK	CTLA4	LINC01393	TOX	IFFO2	C5orf56	UCP2	SAT1	PLA2G7	MYEOV	GLRX5
SUCLG2	NR3C2	TMCC1	DENND2C	COX4I1	CHKA	BMP2K	TRABD2A	HHAT	MAP3K2	VOPP1	GTDC1	TXNIP	GBP5	ITGAM	ANKRD12	BCL7A	STK33	SEPT10	LINC00152	GPRIN3	MAP3K5	ARHGEF3	HPGD	CCL3L3	C11orf49	CNR2	HSF2BP	KIFC3	SERTAD1	NMI	NDUFA12	PKHD1L1	CTSS	ADAD1	MYL5
SUPT3H	TSGA10	STX8	CDC42BPA	FTL	SCCPDH	TMEM156	WHSC1L1	ICOS	TBC1D15	STK39	NCOA2	DPP4	ITCH	DOCK5	NTRK2	NUCB2	LINC00426	PAG1	PSMB9	PPP3CA	MIR181A1HG	IKZF4	ADK	LAMA2	GATAD2A	ISG20	RSRP1	LINGO2	LMNA	IFI27	ATP5C1	MMD	KCNE3	EIF1AY	FEZ2
SELL	EMSY	PTEN	KCNQ1	COX7C	NFKB1	CD28	TRAK2	SMCHD1	PNPLA8	MAP3K5	ATP9A	EPS15	CCR2	FGR	S100A6	FIRRE	ANKRD28	ATP2B4	GZMH	N4BP2	SLC1A4	CNST	ADCY9	HLA-C	MIF	PMAIP1	HIST1H2AB	NCALD	HEXIM1	TRANK1	ATP5E	VCL	TBC1D9	EPB41L3	TRIM58
DISC1	PIGN	ZFYVE28	EVA1C	RPL31	PTPN4	ZC3H12D	ENO1	KRT1	GADD45A	UBASH3B	EPB41L4A	SLC22A15	CBLB	AKR1C3	NPDC1	NSF	RPLP0	GLUL	HLA-DMA	ITGA4	HLA-DQA1	TRAF1	ERN1	SLAMF7	CASC19	BTNL9	FAM53C	JAKMIP2	CCDC173	B2M	DCTN3	GUCY1A3	MS4A4E	TMEM86B	CCL3
MBNL1	CENPK	CARMIL1	PDE7A	CD48	NBEA	SELL	REXO2	PRDM1	ZDBF2	RASSF3	PRKCE	ZDHHC14	MYO1F	CHST12	SNX9	SCN3A	XKR9	TNFSF10	ZFP36	ENPP2	ABLIM1	HSPA12A	PKIA-AS1	FOSL2	ABL2	FAM126A	CALM2	LINC00377	SOCS3	CHMP5	UBL5	GATA2	HMOX1	RIPK4	CYC1
